397;307;26;1576;-375;276;349;475;0;-211;-170;-242;-280;-316;-202;-226;-120;-125;-354;-461;819;1889;343;668;-297;-323;-39;-194;641;-244;-611;51;-378;70;361;1151;-60;1475;-863;130;-218;1169;-269;176;-10;-180;-41;430;-449;-346;-98;604;18;-150;202;-99;-280;-620;-327;-141;1130;-285;-101;-296;125;-82;444;905;618;6;367;302;-110;100;-275;-415;-301;-1242;-166;65;-614;-400;793;174;-617;960;394;2128;-59;-111;73;477;297;-90;7;130;367;-124;241;-447;-331;-348;-38;-162;-129;485;763;-396;-244;565;1163;-118;375;-931;306;-40;553;-157;-68;-388;-108;164;733;257;130;351;103;-276;63;1283;-94;-208;370;487;48;295;-98;-91;-117;-28;175;222;-17;182;-563;-19;11;148;19;418;78;-187;179;111;248;101;-5;238;-237;-131;55;-24;158;67;-301;-79;7;33;-79;152;-4;-393;115;-838;82;206;31;37;-17;-293;-151;-131;77;-52;387;366;-76;-56;111;488;122;190;38;251;-25;-74;76;35;-88;198;181;117;171;394;302;76;279;82;145;-44;37;-1132;76;299;6;124;-329;234;-35;246;-37;9;125;-15;485;169;-95;243;-15;313;241;142;113;59;59;-88;-133;-576;5;389;270;117;17;-13;1701;-28;-48;195;75;228;90;331;-11;72;53;97;20;91;142;365;441;16;143;53;-48;66;45;258;-114;29;128;39;382;67;-42;233;205;-57;6;41;80;124;65;402;37;-6;133;332;-14;118;185;294;80;-29;81;-10;134;8;175;112;130;104;407;-112;156;58;147;87;146;83;200;-32;246;188;257;116;-1004;-31;27;401;279;85;371;-41;61;-8;30;6;104;77;27;30;115;111;294;-10;-7;-1;136;54;65;18;123;136;206;4;2283;150;17;173;272;7;322;187;317;332;111;500;3141;157;213;190;346;69;108;129;36;83;204;236;-25;438;86;-102;98;32;148;-38;486;104;234;318;246;65;140;293;109;83;326;1;71;280;325;56;28;394;73;81;-58;102;-41;3921;220;48;44;126;125;174;315;101;369;4;25;218;127;4701;116;134;64;516;97;2621;160;-10;87;5231;30;-4;422;301;8;214;235;112;-27;227;286;236;219;239;93;-6;-21;129;62;152;269;58;176;203;128;342;181;94;43;28;120;232;-38;28;-5;251;21;33;272;241;397;245;415;99;100;382;298;32;230;-1420;317;213;30;235;64;153;296;409;83;187;6651;334;80;14;134;248;28;91;77;18;142;368;54;296;335;22;17;16;29;22;-1120;214;36;108;-73;76;-3;76;9;213;113;458;117;254;165;45;279;35;137;-1;153;153;33;100;189;45;14;516;92;109;505;302;61;-25;-25;120;199;80;259;-1117;668;-5;202;68;67;322;301;276;282;433;24;-2;125;177;125;91;-26;101;258;-3;158;26;239;199;205;249;330;-20;114;0;-5;-134;189;34;80;321;157;99;280;210;78;48;65;66;27;294;25;135;333;170;89;179;36;279;1058;61;52;131;233;189;58;-1088;97;227;177;-33;-1077;256;34;45;404;40;-208;18;374;141;5671;-150;197;49;224;237;-6;329;190;327;319;231;115;227;176;84;57;136;21;3978;20;200;-34;40;130;213;-86;128;154;68;207;34;193;120;168;285;139;-40;442;147;335;191;39;-762;6136;101;-573;58;44;59;191;310;111;185;107;120;5;-14;148;222;398;256;82;18;243;10;21;80;398;405;559;144;19;-58;9;336;272;237;230;9;238;408;262;301;256;158;197;73;261;0;60;203;589;325;196;-27;288;-948;-96;274;127;124;329;106;149;251;133;179;88;55;218;369;180;449;44;0;93;376;163;36;81;16;101;162;325;2018;286;197;52;131;131;159;162;843;552;270;13;339;157;160;219;189;340;115;48;238;147;241;20;218;314;40;160;57;164;203;581;142;68;233;62;276;130;125;283;121;448;162;368;277;23;284;4;46;-36;398;30;-2;179;234;231;164;482;211;224;-7;-20;588;-1072;478;265;210;218;262;179;10;244;242;158;147;45;66;41;286;210;242;309;58;50;46;-2;296;80;26;268;72;-6;124;144;312;120;265;257;85;252;-22;148;158;7001;267;-11;35;296;265;223;-11;88;69;23;216;122;17;218;365;270;234;178;157;35;304;193;61;366;300;218;199;86;113;22;110;164;34;-1077;648;75;-28;289;166;153;228;105;50;-28;-27;86;9;370;97;65;13;-11;401;149;89;166;196;58;49;77;191;195;-28;136;339;91;195;369;6691;125;268;-65;64;406;182;204;330;41;184;323;326;148;146;255;10;8;49;286;428;406;322;371;138;174;203;-22;35;-16;61;34;182;74;78;105;87;237;181;384;-12;144;308;4561;53;255;106;86;93;296;411;61;90;97;73;215;29;104;218;147;109;90;342;-1;54;246;64;250;224;-17;153;-100;114;20;67;13;304;40;56;265;236
249;-69;30;1167;-487;264;540;-128;799;139;210;-105;914;528;-373;-64;648;184;373;-226;106;-419;43;-402;-11;-181;-105;-79;-19;138;-227;-305;253;302;-530;-130;-200;-373;-351;-826;-105;-43;-648;896;-24;-107;125;449;547;-503;48;-80;129;-133;-96;128;188;598;-5;-116;-294;-114;104;-319;463;862;-25;965;597;53;-110;2663;-166;-378;263;36;-22;50;-414;-317;1025;-225;44;-499;-443;-101;-645;-273;499;192;360;268;21;193;1;-89;-132;1;169;812;-428;83;165;243;239;56;-13;164;-324;-1033;218;112;278;-267;116;-155;-208;-14;75;-39;-303;-220;130;306;811;-88;-141;114;7;-105;-35;32;16;255;-170;57;297;114;92;-53;174;257;3096;-166;563;568;643;-96;-498;27;673;-554;-211;-292;87;-141;201;362;168;240;-31;-75;224;-201;144;188;-42;-9;-172;66;-36;248;425;-244;142;300;-64;35;199;-167;116;136;288;0;988;-54;99;72;136;113;147;988;-4;-94;-29;10;3746;93;710;292;-14;235;432;36;388;249;129;202;49;169;-23;88;-293;105;82;251;27;125;609;618;-104;55;194;825;3841;353;380;78;-69;167;4711;-32;200;25;-97;557;-83;36;144;50;-63;-71;-20;145;-151;75;184;55;168;98;227;-12;51;94;903;18;44;27;173;70;159;89;92;148;102;274;35;136;259;247;-36;561;466;104;239;-42;228;87;116;98;41;293;-63;-32;-184;106;126;81;-52;226;-90;32;193;-14;52;332;108;-9;32;2941;50;109;40;136;60;86;122;217;11;80;142;329;388;126;52;93;58;95;175;-30;93;436;236;188;32;346;297;-15;-44;25;-25;52;129;176;253;87;107;162;249;59;-10;123;863;84;32;279;414;49;135;75;258;-139;122;18;98;219;115;2701;78;135;45;10;203;13;441;357;97;131;60;108;167;63;83;270;-59;112;41;326;89;234;89;167;44;85;132;57;212;217;16;14;150;-52;47;-23;138;42;193;152;368;172;266;5;-34;262;47;417;183;-17;120;191;163;90;36;-32;287;59;-33;449;194;-118;127;232;197;-52;130;217;485;-145;19;95;407;237;3;136;-36;226;-8;232;152;346;98;170;-31;424;86;73;184;248;343;235;131;40;102;364;118;-107;-2;98;167;159;30;65;84;153;50;147;13;111;150;35;53;127;202;92;153;848;37;268;-1491;209;79;291;119;200;345;305;50;137;-4;11;873;-86;6;223;55;241;76;25;98;144;-35;92;232;203;102;250;258;85;135;8;74;47;23;110;133;99;24;69;61;235;87;92;63;119;97;452;83;44;126;-39;32;37;-12;188;-60;13;-17;202;34;54;181;216;278;15;156;172;-843;-24;0;-14;34;131;198;253;189;57;162;24;278;89;18;-36;-86;-38;162;-18;10;87;80;0;173;-5;-786;5626;48;84;259;441;227;2;98;89;-52;128;255;179;-9;49;-12;57;-18;91;118;208;241;27;19;83;20;-5;318;164;57;298;74;78;35;311;287;257;227;96;235;59;28;191;153;85;122;219;128;115;-6;128;225;-64;90;2503;21;158;131;25;-623;181;154;71;82;265;-12;103;290;207;-49;134;78;226;97;173;217;202;21;2;5;162;137;234;32;378;-5;98;46;263;-17;38;21;227;193;107;216;-1144;232;352;115;26;20;39;105;39;-39;154;254;67;165;99;3211;230;232;162;277;344;252;541;160;292;216;-123;60;208;168;133;62;37;12;35;287;165;3741;185;24;28;-42;16;283;72;87;388;66;360;90;181;27;29;289;203;181;13;161;119;13;-9;793;21;51;44;269;-61;4536;307;-27;148;76;34;19;260;4626;119;29;218;115;20;139;133;220;237;72;196;-58;57;7;21;139;6;256;-236;94;78;-854;212;350;-112;14;12;-1;182;-5;180;105;-54;268;71;290;48;10;341;23;48;110;187;400;52;43;225;163;66;10;39;44;161;-1163;171;101;313;-25;170;272;77;76;174;49;-85;160;52;209;106;42;207;104;192;40;320;19;92;402;66;44;261;220;-759;4746;298;159;191;299;165;208;531;108;36;31;198;-2;14;55;-3;72;79;112;-72;168;247;131;345;125;250;21;171;138;162;243;200;108;40;225;127;237;171;284;77;107;192;138;194;83;169;260;221;-1;109;30;211;78;20;8;102;148;62;88;-69;286;-13;176;223;160;87;173;46;44;232;10;126;429;206;-1171;191;143;81;233;221;101;190;259;236;98;550;219;49;7;197;157;29;255;85;105;179;68;86;124;-1045;243;333;46;244;131;112;174;67;117;-987;710;223;109;124;171;170;106;890;883;302;220;52;71;159;483;147;272;73;-52;95;4;110;-28;148;102;166;-12;58;324;125;215;888;168;388;55;41;-98;67;-12;106;-8;198;205;40;229;144;76;773;127;293;42;154;60;-47;61;158;41;511;-931;137;153;118
-461;-172;-412;-41;-287;53;386;238;-185;14;93;-139;-298;137;-192;-366;-311;-409;-151;-199;-123;-148;2140;-282;-423;-209;-604;871;-596;-71;-195;-606;-129;-38;-39;570;1408;-133;568;-464;-502;-834;-108;501;-293;-679;50;-516;612;5;-236;-523;-266;-9;-494;35;421;742;301;-1011;778;505;111;-270;-670;492;-757;-1022;-171;-422;-562;784;509;87;-8;585;-673;-315;651;370;41;-324;35;-207;145;359;-355;241;-337;-70;164;-219;542;573;44;-817;9;979;362;-12;186;687;268;1276;-82;-140;27;-128;-112;-841;-137;523;-430;-140;118;-160;-438;-513;502;134;-81;124;799;445;253;195;-117;46;127;-33;200;174;-79;-469;-33;-31;-4;-34;338;527;140;224;102;208;371;381;-363;-143;-63;-4;479;-80;-65;330;108;173;120;35;-47;-293;-139;108;-50;24;67;-7;-64;221;34;223;378;-9;-344;368;2938;254;44;268;85;235;-191;337;281;15;-61;211;403;124;70;299;-30;197;69;146;30;80;84;-13;49;251;-20;-121;1;121;-72;48;133;2963;87;73;47;-317;-60;-17;-7;82;131;67;244;185;-113;142;177;35;134;20;70;75;56;-26;4588;30;121;213;88;-22;200;178;124;37;-5;215;399;109;11;250;85;115;103;24;222;250;234;95;66;53;334;157;253;103;115;-2;-11;67;232;1;93;358;153;-167;70;106;231;43;102;110;34;36;30;508;65;82;26;299;-14;296;108;212;379;125;122;-61;-52;-55;445;161;295;2323;48;471;262;85;269;353;101;96;412;270;84;298;170;31;288;101;28;16;-13;5;-35;133;-26;-24;100;20;71;190;24;67;156;111;33;85;455;55;70;117;-50;195;117;36;645;253;74;-202;114;122;-22;-56;-60;114;113;143;225;88;10;39;-85;57;228;79;83;255;49;77;296;110;-282;142;-31;49;132;140;23;153;3;230;125;59;8;205;62;316;215;219;149;278;211;-1;641;143;24;53;199;187;136;483;-19;117;368;229;297;89;103;9;98;15;171;17;66;208;-55;473;-3;205;67;137;259;1;235;15;-20;241;-32;40;154;519;209;93;118;336;215;127;117;-66;726;-7;29;-57;116;-5;54;-53;3;46;82;310;259;48;71;48;185;432;231;324;211;108;237;-1209;244;432;124;-12;83;134;321;303;-29;136;132;-37;278;110;22;-46;274;295;66;81;106;115;48;-4;198;40;70;166;157;170;2116;209;240;-48;141;13;199;97;60;92;222;25;21;211;-76;62;39;73;279;93;242;22;98;-21;270;227;41;-37;56;117;221;114;327;549;-1571;-20;130;91;209;80;178;78;104;16;108;145;156;140;-50;4158;99;82;113;264;-7;90;162;442;26;20;21;45;-4;30;210;282;331;233;85;72;375;219;115;84;291;2556;308;190;256;224;212;138;331;130;186;71;36;173;289;4653;365;28;22;279;272;5;123;107;28;280;59;8;84;55;351;136;-38;237;189;185;2686;165;137;111;399;102;200;0;10;70;330;302;76;160;374;52;31;216;71;5031;75;219;-12;-31;257;-3;291;130;126;84;250;103;259;-63;30;44;59;46;235;107;154;57;48;177;-9;123;158;55;92;349;42;99;9;230;215;214;161;132;103;92;402;277;217;3;90;-502;106;70;4021;116;186;99;50;67;321;92;-45;384;323;159;128;395;224;103;-8;64;278;313;94;-32;22;165;988;141;135;210;211;298;0;66;200;300;122;179;234;43;143;190;97;77;208;114;222;216;132;533;-17;308;347;216;120;139;4076;43;299;13;143;38;306;-11;22;-394;88;119;96;-1097;-2;188;160;113;346;36;163;57;321;-5;294;365;-16;103;349;464;-8;198;247;282;57;54;-2;128;229;220;154;41;184;143;87;276;60;146;65;138;51;314;350;61;13;25;26;381;5;178;-20;167;344;131;185;-64;126;245;74;230;20;-18;39;78;300;21;228;2;97;49;247;271;311;-4;270;196;205;160;168;47;-17;99;194;47;21;150;145;38;152;4;136;58;279;113;23;195;285;337;61;1193;180;100;59;375;150;40;54;354;1298;264;497;262;268;222;286;218;97;190;339;150;-91;57;249;72;30;84;73;324;314;5;40;47;31;114;362;307;109;49;339;417;43;317;5;133;195;72;-37;143;286;120;159;119;257;182;42;49;212;206;375;138;172;236;126;-50;24;145;143;-22;55;-9;33;287;144;188;33;222;248;129;187;306;171;295;51;304;13;94;5423;407;99;-57;113;18;-43;355;-49;103;64;-31;58;627;84;324;269;132;266;291;126;71;14;-37;66;52;275;99;147;73;441;137;445;3;386;-75;-36;89;324;147;179;86;139;117;183;149;346;366;337;232;28;144;309;119;66;93;239;32;261;241;42;115;194;-750;296;370;93;74;228;82;80;98;93;50;295;202;161;90;87;158;74;336;308;48
6;-84;545;-122;-96;-200;-215;-99;-31;238;-138;1133;-354;35;411;-439;-58;-447;1366;-77;918;16;759;43;-433;-190;-229;-145;-368;-191;-162;-318;47;-309;-233;193;333;-111;-269;-141;99;-240;-566;-192;305;-279;-222;-288;-653;-601;71;488;-325;60;538;-381;-180;448;4458;-510;44;718;155;-41;657;-135;383;452;711;414;-507;-608;-417;57;-576;-175;-57;444;200;-303;-339;-244;510;-336;-388;-238;-369;-109;337;-316;-121;-105;-473;605;105;-230;435;223;-23;10;370;-268;111;-152;-60;96;-85;905;-261;-196;-286;5;355;-25;275;662;-38;104;305;423;2013;225;176;63;157;-378;229;-92;-233;82;110;2;31;311;-114;-20;646;227;136;-84;166;166;-214;315;-83;632;-38;387;501;252;326;243;27;503;156;-145;-24;112;70;-379;306;183;107;-18;7;97;73;-161;-46;3491;3841;-161;260;14;293;181;259;119;313;-311;103;-702;-92;154;78;156;-81;48;-618;38;99;5463;-290;464;-315;-186;355;217;53;167;225;193;78;333;255;54;106;13;50;54;318;113;292;-240;8;6;2;403;60;49;35;-37;73;-31;97;58;131;87;-55;-90;60;-83;-250;124;-131;185;250;248;158;-47;-3;59;60;42;112;1283;128;-115;229;365;-21;229;155;209;-7;189;113;154;-89;286;-239;-124;-9;-116;-8;-112;224;380;332;-50;44;-9;198;224;246;278;41;136;54;110;165;189;-39;341;178;116;-198;-26;-8;362;-59;-159;20;2;257;-89;-10;198;-155;275;336;43;-3;284;-137;21;304;69;261;436;220;58;-8;208;112;70;224;162;96;72;30;42;16;170;201;27;2;853;72;126;83;191;86;-2;294;21;51;45;308;-21;-45;306;156;33;3;133;-1;57;136;57;-22;26;196;33;51;276;244;222;258;2688;206;-96;211;-32;73;196;166;-19;111;96;26;194;-79;12;38;46;236;133;-57;188;-117;200;284;58;196;32;127;131;288;58;101;100;295;170;145;123;94;199;-70;275;66;83;-38;93;24;313;317;52;293;150;258;59;225;133;109;307;248;3;218;438;326;-37;42;212;-17;93;160;231;202;284;513;18;-28;184;131;56;201;321;553;113;107;220;171;210;-37;48;396;309;122;-74;12;174;10;-27;147;36;-23;86;59;-2;63;84;9;-20;124;345;323;9;49;26;91;-53;112;196;146;113;92;157;41;242;324;-42;11;150;146;-43;3;-196;188;65;95;300;50;107;487;231;-39;132;-98;258;285;94;161;280;87;219;-99;335;276;390;228;16;420;165;91;41;56;51;63;70;288;68;245;-38;135;-137;40;448;82;50;124;158;70;214;-11;180;-20;102;9;186;63;92;349;162;198;200;233;486;96;159;15;372;4;185;-54;-148;161;106;130;-28;103;-40;47;175;252;-10;93;-13;23;163;173;87;147;87;273;202;288;6;81;22;167;200;80;245;28;359;239;150;88;9;273;44;157;333;-74;67;-30;87;133;229;72;102;167;84;50;210;11;72;145;123;233;310;74;5966;185;48;284;149;76;98;114;46;106;-59;185;64;48;169;385;13;82;46;186;60;286;184;119;200;202;98;63;290;7;61;63;208;6;5171;265;-9;96;298;90;150;-16;56;-18;52;229;46;98;167;37;45;30;25;303;36;177;225;8;-20;-8;110;360;182;92;63;281;53;195;119;-12;247;-20;214;-32;148;41;245;94;275;143;109;126;28;106;201;35;193;162;185;51;324;413;-167;45;0;23;455;58;279;94;97;297;306;8;179;195;155;361;317;261;364;330;476;-87;364;171;495;32;135;69;51;-1391;268;-19;-35;80;183;122;-7;212;-6;337;5131;277;255;122;132;99;130;163;156;218;-406;51;155;-1506;-11;105;119;-11;156;-8;-23;260;61;27;46;46;76;178;161;-13;282;87;145;320;68;122;137;424;182;120;113;313;58;22;32;-869;107;176;142;200;155;28;2;171;264;215;166;37;56;95;5146;273;358;162;-1563;267;58;252;71;76;163;28;124;133;222;238;117;26;298;136;66;175;292;-57;235;-113;65;78;257;55;68;164;127;377;262;66;52;279;17;185;25;418;53;264;214;214;150;243;187;390;13;381;71;-20;9;239;354;144;110;60;53;47;214;32;109;224;214;362;23;98;147;207;41;188;21;186;37;139;264;216;-1558;150;-262;289;118;247;12;63;175;144;179;198;66;228;312;187;182;217;85;421;136;78;4;199;55;396;252;218;237;6156;33;5996;38;280;1;47;29;176;49;206;146;258;63;197;198;152;99;69;-147;323;-71;144;414;24;165;110;116;261;220;68;159;241;-387;267;140;-1170;203;118;133;82;279;82;166;260;-19;132;91;252;433;33;31;225;117;132;224;73;61;269;221;343;118;238;212;82;159;88;207;354;45;126;218;28;126;132;96;125;5;401;26;336;275;239;22;305;48
309;-192;850;112;20;-103;-75;937;189;-151;-336;-452;-252;-35;1608;24;-140;-594;-57;-320;324;-99;-515;-577;63;2;-445;59;130;-135;-496;-49;1335;-405;-566;-364;-443;-197;-199;-365;28;1631;-918;-482;-709;-773;-573;-647;-78;-410;-205;2222;714;35;242;-363;-419;-381;-184;-497;817;-341;-1;174;-45;85;-172;993;152;-15;885;418;376;-114;673;58;262;-686;-324;0;-71;-117;74;-37;-343;203;287;-350;42;-737;139;-133;309;99;192;175;-42;-339;-163;-66;819;-354;-115;60;88;-98;165;61;-248;-164;62;88;-173;518;-64;230;-272;-514;1233;-411;183;52;107;691;295;250;558;316;-51;18;628;-45;50;286;155;203;174;227;28;-133;188;-226;216;6;-229;128;145;-214;-99;-225;151;1;98;-440;852;-170;96;429;77;55;99;84;-342;-392;258;50;-1;110;120;32;-4;60;2806;12;382;532;4;-253;160;286;86;159;46;18;-545;-308;-4;526;179;242;11;94;116;-51;52;294;1391;37;164;207;194;274;62;-556;399;195;210;-24;36;-27;11;28;333;-171;132;251;-241;-2;344;254;79;201;-140;43;78;36;-65;124;180;-53;58;-10;347;28;305;67;82;-98;87;-84;-72;128;133;18;-110;68;314;86;138;524;23;445;48;187;-80;59;36;160;197;-8;44;136;253;-9;615;37;-336;385;121;40;-5;80;138;210;289;68;8;317;58;331;-84;-55;39;204;28;141;-16;-45;-969;81;-29;230;180;79;239;328;163;53;220;89;140;197;172;140;165;87;463;50;-7;33;-30;60;74;-1195;208;384;217;100;180;-95;105;3633;197;-132;66;3663;51;100;15;168;277;111;231;-38;-8;512;31;-4;95;-44;112;-12;40;63;161;63;97;345;295;266;117;-22;-42;42;85;329;114;206;37;7;17;33;34;82;354;261;294;100;4;-10;105;188;97;71;259;414;-7;4448;302;71;-70;-377;201;22;66;5036;-87;3178;275;-36;190;37;-1491;253;12;-108;160;32;295;312;197;-29;77;194;5231;140;260;275;143;197;43;48;418;-20;205;6;33;26;70;38;180;20;3741;50;16;146;54;9;168;27;138;218;464;123;28;70;403;156;75;99;272;191;169;44;473;116;1728;95;239;260;55;87;78;133;179;160;220;-55;94;103;-3;5591;204;27;15;45;-35;209;450;191;-278;324;64;158;107;69;265;95;7;120;180;5988;226;290;153;147;-24;114;203;48;152;41;178;270;190;41;10;328;26;145;65;-14;69;87;62;5818;143;3;27;485;-39;-114;474;1373;-42;223;58;-21;4;9;436;217;46;60;164;-33;-38;32;-6;36;-6;2;155;188;27;352;-33;161;66;-1108;55;367;162;301;18;-97;-8;44;34;187;167;-20;68;126;-5;236;4;399;238;281;51;-716;25;10;78;2361;97;326;60;120;-32;355;217;-34;47;90;-53;162;233;148;36;214;288;320;394;73;88;59;22;71;288;-27;-43;76;164;243;250;36;-1421;170;-7;333;28;30;74;290;2;-21;79;267;273;-453;146;217;181;1633;215;202;76;59;66;202;183;4;56;123;219;133;55;185;192;-31;50;82;63;92;278;116;4;106;195;14;2691;658;72;42;263;-437;12;-6;201;4;133;-47;132;581;97;-8;189;102;142;208;102;105;7;243;65;251;25;206;229;158;292;217;279;20;221;130;-491;248;127;100;-1143;64;51;314;239;261;25;10;21;142;360;17;116;61;97;16;366;-2;77;99;107;77;201;170;200;224;-11;142;53;32;157;71;24;209;27;187;91;100;77;-40;87;152;50;103;19;89;60;118;48;33;70;109;317;-21;28;50;63;56;40;413;18;275;148;127;52;99;310;58;32;213;75;90;57;240;157;95;197;97;71;34;172;77;-62;43;106;107;87;47;77;-4;213;119;65;88;219;139;27;160;53;69;150;38;273;170;152;140;89;68;76;55;98;309;104;213;40;70;82;21;9;75;370;0;122;258;71;292;121;179;98;27;333;146;248;201;34;213;186;24;206;42;155;347;330;141;225;53;-54;108;-25;268;109;34;-65;180;37;25;203;56;29;57;-35;88;-81;97;-9;22;324;280;126;173;78;81;223;46;127;159;81;217;130;150;111;12;124;60;77;335;53;66;72;1823;152;118;73;250;5611;215;7;22;244;49;100;54;186;332;106;259;46;107;130;73;141;155;171;58;348;3661;-2;11;112;20;717;48;116;78;220;-31;169;99;-162;83;43;256;99;267;-53;241;3;184;173;143;213;91;32;114;241;269;249;-5;325;85;164;216;519;240;79;99;16;131;156;282;351;131;122;155;103;138;358;423;103;0;254;199;51;107;26;80;177;59;34;19;203;305;146;184;150;245;198;141;483;203;219;82;215;43;63;-442;128;144;256;235;426;-21;32;105;123;75;141;87;-23;44;169;78;175;105;75;19;62;58
-73;-94;114;-53;-331;181;-80;-193;-30;471;-250;285;-373;325;-256;-209;738;-68;-768;-582;-503;702;1115;-674;-393;-473;-123;1148;-341;-346;-361;-417;-220;-4;-374;-601;-148;-220;-42;-98;-548;-269;-178;-525;-570;-83;-245;-506;-106;143;-290;-258;-262;-78;229;308;-220;710;218;-308;-454;-748;902;585;99;519;-573;785;-13;-477;-129;-589;80;-434;692;-327;-76;-26;-610;1642;488;-577;-268;-775;396;495;178;-260;-436;-138;-130;-516;450;431;-240;-8;-49;364;357;-261;289;-319;-1198;-333;278;549;228;642;494;162;254;338;-326;-2;396;96;-150;-43;227;-399;-173;-358;441;-985;219;968;140;213;-171;81;-158;3123;270;293;-352;-175;63;344;-87;-9;231;2143;-604;-35;-241;-94;100;223;393;220;147;116;1198;134;345;279;252;168;56;54;3;143;-147;86;-269;-167;-45;-247;165;208;64;-396;15;-32;185;-3;102;355;145;60;456;233;45;22;268;-33;103;217;328;2386;67;20;-321;113;-39;122;296;-4;-240;81;511;-132;350;144;529;183;-30;90;17;189;-52;497;23;255;-96;205;90;268;397;242;87;152;262;304;7;-10;-282;197;-220;256;74;-147;1238;82;91;33;342;12;540;322;57;274;47;355;20;1203;-98;8;259;253;15;168;426;84;53;311;25;90;70;262;171;537;10;260;-214;215;30;310;166;6;150;257;39;43;275;-42;-9;26;-113;214;9;-322;220;59;252;-71;264;145;15;230;44;103;53;268;100;263;6;-16;-1;95;17;-3;6;357;121;120;0;29;425;226;4451;20;53;205;228;40;71;15;-19;-39;46;-13;1818;838;174;235;431;2;259;184;-21;312;283;-8;108;88;330;-62;23;264;-21;-64;4876;152;133;195;70;287;129;-24;78;123;424;186;244;66;214;295;7;-15;-26;256;438;132;280;48;873;472;85;462;132;5901;164;24;293;-60;-163;195;173;88;162;-98;415;57;172;-77;199;2618;251;6706;302;163;53;69;272;158;292;21;306;-31;187;192;35;161;-63;148;223;7;207;48;4;3;54;-13;195;150;269;-8;-15;-26;226;332;197;654;114;264;209;-86;42;168;475;55;27;4851;-14;224;208;306;-492;-45;47;218;227;372;277;5;148;169;259;-22;151;30;-33;91;-55;5;253;301;47;181;100;287;918;-6;464;357;338;83;182;243;43;980;89;96;-56;11;157;34;314;113;86;231;121;115;270;568;193;384;116;189;196;346;33;257;157;162;-23;25;422;-25;-694;187;33;-12;2158;153;170;15;52;-32;78;264;133;51;58;27;-24;46;61;31;-30;33;181;354;-9;-15;-22;118;258;75;180;462;128;418;52;179;-21;259;26;50;76;62;146;-28;-39;-17;38;84;376;245;4;151;82;254;-35;18;6001;279;20;226;-4;152;41;112;334;15;7;115;64;-676;43;242;217;186;226;89;166;65;237;0;126;165;449;417;53;-3;153;203;203;49;57;83;126;286;249;247;42;5;434;194;243;54;166;321;84;-128;39;277;55;143;8;-637;264;45;-23;96;45;256;204;84;70;253;-28;13;23;231;53;-1266;117;156;239;74;114;41;15;93;367;294;125;12;191;-16;-17;282;152;-33;100;4;542;-1298;305;176;16;45;209;94;90;317;117;376;101;265;23;217;186;60;3886;213;142;84;-74;112;7;66;127;386;288;82;-6;154;61;187;56;-31;156;-65;195;268;-109;341;-26;205;111;58;27;3873;-2;98;53;53;242;379;117;159;298;80;222;141;81;-43;303;139;197;325;109;292;-31;19;-33;165;3;34;105;3508;256;59;-18;1968;4;35;-1575;-35;226;141;205;77;92;77;-42;140;307;245;361;311;172;96;298;38;81;102;34;149;88;47;143;78;281;-990;61;54;218;29;0;203;66;94;176;258;408;214;121;-31;199;276;240;533;19;72;153;80;223;213;248;60;-44;51;55;290;327;-44;68;300;146;22;25;131;73;101;-26;86;442;14;46;77;87;125;65;291;257;157;194;-612;23;412;392;106;148;86;110;130;12;11;186;278;66;-17;386;64;282;414;33;192;52;288;276;89;-804;276;158;175;5276;218;158;9;255;124;19;422;51;-98;243;115;135;74;-30;5;295;331;58;106;848;25;102;42;293;299;23;155;152;143;233;50;300;101;266;154;243;260;94;143;193;301;-82;80;111;106;5;248;35;214;359;-27;337;3;202;230;419;125;-2;90;15;87;27;133;111;186;80;105;288;21;294;84;400;36;66;69;411;5696;84;19;131;241;146;113;227;67;546;249;521;62;317;101;207;18;188;363;109;-9;88;56;53;103;274;123;121;10;50;159;120;141;83;374;77;184;35;230;220;41;273;165;153;251;26;163;182;252;263;522;298;357;350;479;313;311;-11;247;168;20;14;149;147;57;135;356;25;203;112;46;99;138;202;585;74;478;161;233;33;216;105;-12
-418;-28;607;-151;1102;-57;-135;-82;-107;-300;1744;824;98;857;-156;-70;-326;1009;-209;-139;167;323;1307;-306;-24;-96;-71;170;54;-136;-231;-327;-319;959;-253;-466;288;-425;-103;370;455;368;-203;-1143;456;-70;-309;-312;22;-161;-518;-356;81;872;196;933;285;113;-155;-331;115;-510;581;-214;-337;-140;-112;-747;463;-258;-358;-541;-421;-134;-288;-80;-337;-87;-101;105;143;-91;269;-399;-41;1316;-213;112;-405;-369;-426;-29;-141;-97;228;-94;138;-107;-34;37;-559;395;357;86;317;-98;330;72;-171;263;240;290;431;143;905;30;-25;1146;89;378;-432;-165;335;-132;1506;94;186;88;397;174;362;165;367;120;84;9;307;162;-218;182;-294;-190;229;-40;279;204;-188;-66;540;259;-102;233;702;220;135;-338;-135;9;534;30;170;273;-335;220;201;-353;487;137;165;-174;288;-312;35;42;-462;231;181;9;-548;76;280;182;254;2426;161;321;317;367;-104;-54;237;179;27;59;-323;275;171;-618;-82;221;202;713;-62;43;35;97;80;256;1596;144;35;-43;124;43;-21;-112;506;-6;63;29;287;329;76;243;366;268;150;116;20;131;4251;230;-12;15;85;155;-87;123;-96;-152;-186;108;17;94;8;61;-154;141;131;405;1893;151;221;-17;116;214;153;119;89;-13;68;189;191;104;490;64;173;648;835;715;96;250;93;65;163;198;-49;-172;217;-3;-29;52;92;-27;97;541;20;175;172;72;158;37;47;40;26;678;-6;-11;242;303;460;33;83;522;397;32;7;-230;47;16;173;242;62;55;162;202;286;302;84;-4;23;349;473;-130;17;-83;63;59;-55;92;300;95;423;147;332;133;71;105;45;246;-11;-14;7;-20;4836;96;54;229;158;58;26;168;113;1978;-89;152;260;73;58;-11;4171;50;62;154;18;121;47;210;-37;49;286;-5;155;278;-24;-30;198;74;27;207;-13;109;96;177;40;7;-25;149;-29;166;65;-71;160;2153;8;-59;147;-90;70;67;151;81;5186;163;282;-49;264;69;230;298;-52;225;310;119;123;17;-17;71;63;87;243;-1;21;-4;45;-44;134;-4;313;68;125;5161;3688;267;62;-9;216;53;4;64;59;206;3031;119;74;210;226;-399;479;25;148;11;7;321;354;300;80;107;332;-15;9;193;280;227;221;81;366;94;47;166;373;-119;176;28;151;118;4;13;5941;347;103;155;11;90;14;498;168;328;286;-8;-647;-84;5253;-45;-67;-23;161;-8;-33;75;30;5248;1;103;117;-13;106;132;27;42;428;2;92;194;195;350;115;258;344;5071;-24;160;208;583;-33;205;62;236;137;91;126;17;314;33;197;303;24;439;218;75;261;-42;-11;183;285;53;166;39;321;-658;320;5;170;261;12;172;161;79;125;104;213;151;52;124;282;-676;-72;103;34;37;-23;160;135;112;184;15;281;-42;173;130;70;61;142;84;51;214;-7;85;33;181;1508;-35;167;134;34;52;163;137;209;275;59;318;64;222;187;245;42;148;444;888;174;31;-671;58;92;244;213;86;93;134;7;157;43;158;228;62;127;119;91;119;259;220;-47;92;83;-2;7;73;174;27;45;162;-59;150;5028;223;169;58;104;134;195;169;102;130;154;-42;8;160;223;141;83;101;3861;169;225;237;160;77;72;13;108;2543;371;-8;227;3006;279;105;190;242;128;184;234;33;203;397;195;191;232;248;128;40;2;48;23;172;-11;97;248;3;308;21;59;322;425;82;402;158;798;75;336;25;572;131;15;208;172;179;177;9;268;131;173;152;-1102;123;62;206;205;300;239;139;-48;103;234;178;4;76;238;10;195;-25;266;-159;67;75;237;242;304;-50;188;300;205;221;-16;-385;-100;0;157;75;131;264;69;331;118;-8;-35;70;25;103;42;108;41;323;50;153;15;172;94;8;-30;233;201;180;249;252;235;184;-22;135;261;102;242;293;200;76;43;252;381;233;64;0;36;333;91;47;224;78;256;185;-422;-4;112;119;-2;162;-10;65;-60;163;41;100;32;180;166;52;301;322;203;142;-11;270;94;188;146;11;245;218;60;111;132;281;13;53;56;43;195;3;329;-669;242;305;17;117;199;77;32;276;275;165;-682;1;172;70;63;107;41;235;115;67;63;52;332;2;320;57;-679;280;139;88;153;285;136;166;29;259;268;8;90;126;-472;57;70;82;93;10;-112;182;83;220;-65;146;181;351;58;57;36;52;81;170;220;95;102;7;147;222;162;-15;294;129;192;260;3;106;24;167;321;131;28;280;228;168;200;114;269;194;210;0;88;11;99;33;14;165;104;113;41;39;74;35;73;-661;58;366;119;89;202;132;319;36;341;61;49;191;6;306;-2;-30;97;50;43;327;108;49;-10;65;10;370;156;-4;204;24;40;90;43;122;167;116;110;135;135;270;96;306;152;326;19;183;103;179
331;22;-346;-111;1357;102;884;989;-151;49;-567;-114;-36;356;1673;-222;-312;1300;-133;-1046;-446;-320;-116;-202;-675;1686;-390;-516;-249;-652;24;-414;-652;1580;-379;-856;-246;-334;-170;-322;-577;-291;-287;-358;856;69;-290;341;124;127;593;-4;12;-519;-44;-95;-467;-26;343;-354;-900;-70;1;982;-142;-229;128;916;1587;666;1581;334;4158;-299;-1005;-535;-241;276;444;22;74;-198;4733;-733;-127;754;285;268;-829;260;282;-410;-291;-92;139;-17;-510;-250;3603;117;6028;-90;393;-88;-12;289;-273;-273;74;15;71;-131;199;-6;40;-8;-129;187;-275;172;510;37;113;-100;34;424;157;-86;54;-1411;-37;-261;1395;-552;13;-44;-308;1063;39;211;-98;137;-73;130;154;241;180;-72;414;770;68;-7;-96;-129;144;299;557;-117;61;192;0;184;162;105;200;280;145;339;-26;152;303;62;106;-260;-78;197;331;265;-40;89;48;27;211;29;-11;-347;1531;281;191;-90;294;429;-29;-307;-183;-328;444;51;2948;-19;118;-70;429;-66;24;227;369;123;-374;11;470;197;27;15;402;-19;51;48;53;-19;-15;53;-72;1526;-15;-136;-26;60;130;109;218;-87;94;-257;12;349;35;-33;-19;152;161;-108;198;468;1448;41;158;-211;126;-91;104;-156;385;13;253;39;63;42;1046;-41;238;77;581;-72;89;30;363;82;56;134;267;22;-9;167;-27;112;246;116;442;-129;294;161;197;269;372;151;-25;-51;14;-2;18;238;-136;-16;162;-22;429;66;119;98;98;43;83;174;79;197;23;98;289;184;261;319;52;35;157;110;281;15;209;296;13;523;226;62;-96;294;-8;165;214;143;54;278;34;-11;6;25;5;140;258;353;149;27;326;10;265;4511;287;406;166;140;28;-1;109;49;143;42;145;1;76;181;261;74;40;0;421;76;-96;244;378;327;24;1833;63;230;289;105;211;20;190;56;328;254;409;232;354;35;389;70;107;430;-39;338;140;-60;61;48;228;274;144;213;243;348;173;431;18;123;64;74;31;79;26;359;131;-19;95;83;52;212;113;-76;-16;130;123;308;303;89;-13;97;168;84;125;-24;170;398;125;39;25;46;-53;20;127;81;108;15;191;217;245;347;76;133;313;-44;439;64;279;106;170;-4;225;-27;230;235;94;257;64;125;3;24;89;-41;163;-24;196;-12;96;-116;120;55;89;322;51;180;532;79;66;15;347;130;149;1528;124;83;40;135;486;-49;60;199;19;237;98;-16;62;281;349;181;315;244;9;32;683;-60;127;24;38;187;127;-14;192;20;22;-6;165;348;186;-390;-15;4441;76;53;318;373;262;-1114;153;132;-2;57;91;262;145;383;183;235;53;46;105;448;300;248;220;236;96;174;125;54;-40;-69;49;19;241;295;24;22;102;167;103;348;277;56;145;26;26;256;373;-32;73;148;47;5;-577;4;72;14;13;407;92;43;41;57;-31;130;214;-27;153;-152;349;73;247;57;121;248;113;59;-26;55;-302;-87;41;178;288;61;292;2;243;160;82;199;267;63;294;67;96;181;230;280;184;121;179;133;338;13;77;108;173;16;99;132;69;61;100;141;-42;147;134;63;90;121;18;-59;-49;-68;78;72;223;297;271;57;356;3901;113;297;289;10;-6;-20;57;-105;6306;-17;89;327;133;294;-803;-1075;72;167;340;168;76;138;104;166;23;62;116;58;61;17;173;192;19;202;224;225;351;198;169;96;112;-12;4156;120;-1584;-13;147;142;224;119;120;206;312;88;100;38;58;256;236;-11;320;262;-82;1853;13;90;153;-39;348;-18;272;223;279;277;147;129;11;96;241;137;138;67;54;158;76;83;2398;148;144;122;312;255;201;374;278;140;328;236;95;273;-52;118;-1549;194;197;220;72;185;252;241;83;-47;279;223;190;43;34;203;242;67;-21;144;199;158;56;-1560;74;63;155;413;113;212;311;195;221;72;37;161;194;167;-733;336;134;9;219;134;49;1353;335;46;300;39;195;275;13;147;2486;125;43;130;142;222;103;73;216;106;178;-13;147;225;127;213;117;61;293;27;215;204;71;175;138;133;97;152;162;170;135;80;128;189;196;176;39;107;89;119;183;122;133;100;183;15;423;3716;222;-26;106;76;233;169;138;115;-9;194;-6;72;125;92;65;-9;-144;-28;396;51;67;68;212;482;91;76;205;59;28;25;219;35;62;286;-8;121;16;96;84;297;68;178;207;249;218;155;3306;373;214;232;148;70;-5;0;237;116;115;183;289;93;87;-7;62;203;54;7;407;146;7;164;156;121;291;214;89;-11;433;87;21;270;57;425;230;192;140;-32;66;168;411;164;288;54;-862;155;195;227;85;67;22;84;343;161;321;2;50;89;15;112;148;155;151;-27;117;304;204;247;36;139;116;128;49;127;198;135;214;214;315;73;94;179;69;62;236;242;136;86
-189;-114;5;5;2;-126;-111;112;-70;-23;-206;-37;248;452;-233;-289;-193;-331;-482;-75;-78;-541;-414;-224;-8;-39;193;-486;33;-645;-367;-379;105;-664;60;-717;-438;443;-374;-26;22;88;-789;-588;-369;-62;-729;-298;944;-241;1062;-292;280;-611;468;-336;-195;-52;-583;-359;113;59;-111;-726;-120;307;506;1326;-116;827;614;-165;-413;943;-51;-48;357;-52;3228;727;-144;-442;169;97;564;-427;174;-387;-476;-220;468;-341;448;55;539;79;-839;143;575;-103;98;267;-504;767;-499;45;-481;179;24;73;36;295;316;147;149;-309;-59;176;340;169;20;155;200;463;-318;80;-308;665;-385;711;127;-134;-65;208;66;400;-2;160;-184;-98;4001;-183;-16;180;118;-125;279;-142;192;350;86;424;152;17;-95;-56;-81;332;131;-244;-182;17;-148;-21;-69;237;-107;72;-62;-408;-64;413;202;-263;-36;144;190;-9;3521;100;275;434;-35;624;113;173;148;-7;153;194;-283;-35;74;-103;113;21;239;126;123;2;-35;7;139;283;113;-8;154;54;430;75;180;201;-418;-71;3173;-15;53;-68;3378;124;-19;-159;225;100;230;168;239;315;439;-112;-138;-49;-149;-204;-251;42;121;-55;80;48;226;313;-30;82;319;270;198;218;-149;16;82;143;-56;15;52;-55;-15;-23;-19;128;-5;6;76;33;58;175;308;-123;165;150;356;190;-171;66;325;4;153;170;-14;-8;135;353;129;21;-110;160;94;330;296;175;-69;37;3226;-177;82;764;403;-8;245;144;376;93;128;132;-15;-394;97;-11;155;308;81;66;118;33;407;23;96;278;86;205;34;144;395;-49;244;149;-212;166;151;63;-28;86;148;-27;129;259;19;91;257;225;265;28;-1;0;60;-19;57;235;149;-139;268;278;342;342;160;-4;54;72;-8;-73;30;162;238;-751;366;182;-12;60;244;314;168;243;71;46;-101;10;296;243;103;19;124;322;18;162;165;30;19;80;-30;204;28;-34;68;158;240;-17;97;110;147;43;434;270;103;142;21;38;123;79;200;304;8;111;329;182;159;45;3921;72;433;27;144;113;35;104;35;194;27;227;5271;56;88;195;287;-11;164;-1;247;11;227;107;286;179;-10;3831;34;130;116;46;54;60;-27;5;-2;187;37;147;184;138;252;2;243;28;-68;114;74;125;-21;48;322;155;78;84;19;-36;346;212;215;61;-48;136;131;58;0;-22;149;272;58;20;342;25;309;261;144;-75;141;190;117;141;152;292;182;140;29;111;16;93;-1489;203;70;297;57;327;3;215;32;47;174;181;-38;9;4208;109;55;44;122;242;52;252;-54;2103;119;-14;23;200;2703;84;104;-39;-30;22;63;47;219;77;27;9;48;238;67;201;-60;27;18;55;268;230;-11;258;-19;265;-44;362;51;197;119;288;5;62;119;-35;173;224;291;75;128;-58;308;127;55;378;1813;17;403;-29;709;199;202;211;156;3101;25;498;288;494;-8;243;29;2198;60;215;-159;173;123;0;-6;-1;94;196;18;-8;9;75;109;18;-21;251;14;11;104;76;229;25;619;77;118;52;154;151;337;31;219;3286;17;155;40;93;99;119;8;3171;384;21;12;129;373;99;37;67;155;163;7;-1;61;80;17;98;126;29;10;36;285;205;-5;73;40;34;503;386;99;3771;-81;61;142;22;33;2571;90;264;121;42;77;401;344;210;65;114;97;28;45;37;21;28;18;149;171;-737;80;163;186;-5;16;28;67;120;230;57;-27;425;443;73;110;107;155;151;-31;2646;186;72;91;86;14;99;93;94;28;279;-6;130;108;62;52;321;112;103;47;154;234;495;-35;168;165;401;2;65;-77;28;111;-27;-55;98;107;37;85;26;73;78;-1584;93;122;-1572;157;156;201;-16;30;-57;155;25;135;68;12;108;277;267;96;-5;181;53;252;34;75;129;55;3;20;74;141;321;147;16;249;143;26;325;48;148;197;164;257;266;121;96;103;75;150;169;120;438;40;251;118;173;52;204;36;61;395;4;40;108;98;160;51;98;169;330;114;143;28;-563;-106;-89;20;48;268;166;294;179;68;343;85;169;90;231;196;79;1961;123;23;164;229;155;-24;66;63;327;104;142;114;-885;82;63;4;157;144;120;104;77;94;91;253;197;40;-63;135;420;87;214;353;169;94;253;216;90;214;198;461;152;211;97;61;169;294;99;377;90;73;60;187;262;137;288;129;508;90;258;224;69;145;161;149;102;31;186;385;342;181;310;123;122;305;359;-1202;151;196;54;431;141;88;87;361;-7;99;17;113;245;16;348;226;77;273;340;86;146;545;165;121;256;160;105;141;292;70;85;68;13;48;205;-137;192;151;234;147;23;76;130;182;71;96;64;101;34;181;88;3;371;184;61;320;-10;40;526;94;-790;78;92;104;250;296;8;200;67;261;292;323;285;333;471;-23;-14
607;-254;131;-115;-83;783;170;-127;-10;232;132;-44;-57;-76;-359;-463;294;-729;-454;-656;-508;23;9;-130;913;988;84;888;50;-14;-161;-509;-132;-417;389;414;-202;-65;-286;62;-344;463;-8;562;-797;-214;553;-170;293;355;-338;-176;-362;341;-719;-296;556;140;50;-173;-189;-438;324;190;88;805;-348;29;756;374;-754;1314;-365;95;-264;168;174;280;-97;236;-63;-185;36;-187;-614;-189;-78;278;-253;37;-250;-289;-278;-326;-320;-384;-401;333;-103;-418;78;363;15;122;-7;4;189;205;-54;-92;0;-268;441;94;72;522;-68;265;154;-774;-127;405;201;154;729;179;-163;47;11;829;-5;393;-241;74;-224;-55;849;223;-812;504;-290;-482;433;112;89;118;-13;189;86;2;174;223;-472;136;94;271;190;-199;-85;-22;51;19;44;418;289;120;367;58;92;125;111;160;226;-301;-320;-9;389;-75;179;242;69;-53;107;280;193;178;117;145;164;366;509;379;-122;-21;37;47;-259;216;153;-7;293;109;-159;21;500;125;189;199;-102;719;-13;111;345;-125;173;102;48;-73;145;3036;403;167;-43;390;38;593;-199;-14;201;231;-113;352;48;131;9;4;271;-67;1843;11;373;-82;752;-56;182;-70;-18;160;270;227;-58;263;349;73;125;395;-37;-293;165;268;87;83;19;-111;78;396;389;39;286;30;420;44;87;17;850;-89;28;224;103;71;-36;112;66;168;45;22;-158;393;417;134;144;219;258;67;-104;127;275;10;174;163;-7;72;90;72;-9;165;154;498;-46;71;-16;266;39;168;-31;29;416;227;-8;209;-19;252;60;-16;293;330;-23;78;38;15;-38;377;-18;67;3;154;53;187;285;-7;-43;-113;89;288;131;162;-49;76;70;126;220;301;-25;-1;19;220;232;43;101;23;15;204;414;-4;36;86;322;52;82;235;-58;3853;135;395;51;133;171;330;8;122;157;59;91;168;105;340;318;253;-20;187;87;224;-14;154;-50;243;149;126;140;58;353;211;527;521;69;-851;44;288;-25;20;211;-56;-29;31;425;81;68;146;133;395;8;120;401;306;35;12;-5;154;117;365;-31;70;177;42;31;-37;244;0;62;33;7;2968;-25;74;-71;64;337;44;337;-48;147;464;27;206;295;115;38;176;-24;75;367;-32;279;122;101;-43;148;-42;184;196;145;404;53;-23;352;173;8;-1599;343;300;136;216;146;987;517;55;47;373;49;92;-41;-50;178;310;181;324;-25;357;29;-13;267;372;142;73;70;123;186;220;218;-34;44;55;256;77;79;1;254;161;190;356;92;109;134;-62;188;161;109;261;200;411;1311;-40;121;-12;184;195;203;296;90;2833;136;180;40;23;154;16;374;1;-47;267;-58;54;118;221;73;151;312;340;19;164;89;4;-36;2761;85;215;-4;-41;103;382;82;35;288;90;23;164;83;-28;152;50;296;239;197;329;261;71;33;47;190;279;225;-141;205;323;25;173;154;234;385;320;88;69;126;286;141;-3;190;2438;68;44;151;312;30;134;-24;202;-13;61;80;2443;44;30;317;77;31;109;-883;153;-36;222;3443;120;146;231;-8;-55;27;167;62;53;142;-818;-50;275;220;-65;3;54;146;322;39;427;187;69;231;21;102;246;139;-38;150;52;447;204;81;158;31;19;210;131;118;46;27;51;36;10;-3;179;8;49;52;321;5;73;169;131;38;19;301;22;270;26;303;-1075;42;9;115;302;226;120;-18;310;27;243;308;53;159;160;-49;-39;445;55;61;447;30;290;212;226;201;171;306;61;209;193;176;106;300;237;331;360;199;103;140;133;37;517;382;-22;232;19;235;2353;-27;185;153;33;43;170;54;-16;368;-28;64;73;61;164;162;-66;177;46;123;3;42;170;151;167;16;508;42;371;182;105;45;2098;128;144;166;71;5;109;142;42;177;283;-4;338;-114;118;-59;359;140;236;289;-25;176;240;170;277;114;195;124;434;11;-3;384;191;26;-29;276;336;4596;51;119;38;-2;11;294;-32;182;78;279;149;283;288;244;136;62;41;22;4641;68;114;27;289;221;69;1;139;178;8;118;74;233;16;89;5001;106;68;-549;177;98;86;56;135;177;99;184;-605;183;242;50;165;24;156;88;185;110;30;255;174;64;136;70;77;-48;127;80;2;30;20;93;100;11;54;226;167;-5;-8;184;-55;31;100;27;-16;108;242;27;216;79;193;160;112;-1701;-11;434;-104;175;37;155;27;52;33;136;2;337;147;278;106;2153;346;137;442;-14;121;140;455;155;69;59;367;238;37;104;277;218;144;165;192;160;96;177;2258;63;149;304;79;337;3;103;353;-1123;18;198;71;26;261;162;121;154;43;289;100;40;129;406;45;81;209;244;199;145;449;79;158;330;17;111;134;18;215;71;109;434;180;18;108;184;235;339;328;149;41;197;87;58;287;214;4;209;410
