-76;-86;-83;-63;-100;-47;-87;-93;-80;-85;-84;-91;-91;-65;-75;-88;-88;-86;-84;-72;-85;-74;-82;-77;-14;-60;-98;-80;-84;-6;-81;-79;-74;-70;-59;-61;-65;-84;-64;-85;-80;-7;-36;-54;-38;-73;-76;-91;-82;-92;-78;-72;-79;-2;-83;-50;-82;-77;-82;-100;-86;-3;-74;-80;-77;-77;-77;-5;-90;-70;-82;-72;-75;-59;-94;-66;-80;-75;-68;-65;-86;-67;-83;-80;-83;-79;-85;-75;-73;-70;-38;-50;-88;-75;-73;-60;-67;-62;-77;-78;-80;-74;-25;-65;-72;-83;-85;-81;-60;-83;-80;-57;-79;-22;-70;-89;-74;-83;-69;-78;-69;-80;-78;-76;-75;-73;-77;-95;-48;-26;-75;-58;-76;-71;-67;-52;-79;-79;-78;-69;-78;-76;-60;-83;-76;-70;-60;-51;-86;-80;-68;-70;-29;-65;-69;-73;-56;-84;-72;-72;-78;-82;-2;-56;-17;-12;-64;-75;-79;-70;-72;-69;-70;-76;-57;-78;-74;-89;-79;-82;-63;-75;-72;-52;-74;-76;-77;-18;-79;-54;-51;-43;-89;-52;-73;-57;-64;-2;-73;-80;-66;-73;-60;-70;-60;-3;-72;-69;-33;-81;-74;-81;-84;-58;-70;-73;-69;-59;-72;-73;-52;-67;-76;-70;-68;-76;-53;-81;-72;-70;-75;-76;-49;-59;-63;-71;-73;-71;-77;-56;-72;-73;-61;-79;-61;-77;-71;-55;-74;-77;-79;-63;-77;-74;-75;-41;-90;-68;-51;-68;-62;-74;-52;-75;-71;-78;-80;-63;-53;-73;-68;-87;-73;-83;-88;-58;-81;-70;-63;-69;-44;-64;-75;-81;-80;-71;-73;-75;-68;-2;-75;-74;-79;-70;-70;-66;-72;-79;-79;-69;-55;-61;-79;-68;-68;-2;-43;-59;-56;-62;-69;-66;-60;-65;-83;-72;-2;-69;-87;-68;-75;-81;-71;-3;-47;-78;-71;-69;-68;-61;-60;-70;-72;-67;-69;-77;-3;-71;-57;-77;-57;-71;-70;-89;-64;-62;-75;-66;-79;-70;-77;-71;-80;-70;-66;-70;-66;-67;-73;-70;-80;-64;-69;-43;-72;-36;-60;-73;-68;-77;-70;-46;-71;-70;-70;-77;-80;-100;-63;-11;-71;-74;-69;-66;-63;-73;-70;-76;-37;-78;-74;-71;-76;-69;-70;-75;-67;-76;-63;-76;-69;-5;-68;-68;-64;-39;-61;-72;-57;-63;-36;-61;-63;-69;-2;-73;-65;-58;-42;-66;-56;-58;-69;-72;-58;-68;-62;-68;-60;-66;-56;-71;-72;-55;-18;-62;-59;-72;-63;-65;-71;-71;-70;-62;-78;-64;-65;-85;-69;-72;-62;-68;-84;-64;-62;-71;-78;-64;-63;-80;-75;-76;-57;-56;-2;-67;-42;-68;-61;-37;-58;-58;-68;-83;-54;-54;-50;-69;-67;-80;-53;-54;-74;-80;-65;-54;-81;-74;-72;-73;-46;-62;-67;-60;-67;-72;-75;-70;-72;-62;-43;-76;-66;-54;-65;-61;-70;-39;-5;-69;-67;-62;-67;-66;-97;-69;-74;-73;-13;-73;-71;-75;-69;-65;-75;-74;-73;-70;-38;-73;-67;-53;-67;-68;-33;-64;-57;-76;-70;-70;-63;-54;-72;-74;-64;-54;-67;-70;-72;-64;-64;-77;-63;-64;-65;-68;-75;-79;-2;-69;-60;-60;-70;-70;-73;-96;-74;-74;-52;-68;-69;-77;-72;-53;-62;-70;-73;-75;-23;-71;-62;-65;-78;-62;-61;-74;-69;-60;-74;-73;-55;-58;-66;-71;-78;-61;-67;-69;-2;-57;-71;-69;-49;-66;-32;-54;-70;-58;-41;-49;-69;-78;-68;-75;-81;-70;-66;-66;-56;-62;-74;-63;-3;-63;-59;-31;-61;-68;-73;-64;-63;-71;-67;-68;-61;-29;-71;-72;-65;-70;-54;-69;-61;-74;-68;-13;-66;-40;-77;-64;-85;-66;-76;-58;-75;-30;-73;-68;-74;-77;-70;-23;-62;-69;-71;-68;-62;-75;-61;-72;-59;-67;-66;-70;-77;-36;-77;-49;-59;-69;-69;-56;-69;-68;-69;-37;-69;-63;-69;-67;-60;-72;-70;-69;-39;-61;-67;-23;-61;-69;-67;-62;-63;-84;-62;-66;-67;-70;-58;-73;-59;-62;-71;-62;-73;-41;-71;-66;-53;-53;-4;-21;-61;-57;-68;-35;-62;-71;-65;-64;-65;-63;-69;-59;-54;-70;-14;-64;-46;-65;-69;-68;-71;-58;-86;-68;-77;-62;-71;-58;-63;-47;-68;-67;-35;-68;-58;-68;-68;-15;-71;-74;-73;-58;-62;-69;-63;-66;-66;-68;-68;-30;-66;-3;-79;-65;-69;-71;-72;-63;-25;-22;-3;-63;-67;-65;-60;-72;-71;-90;-70;-69;-73;-71;-68;-74;-67;-11;-60;-65;-84;-34;-65;-21;-55;-62;-69;-13;-47;-72;-23;-58;-68;-28;-70;-69;-63;-61;-63;-63;-64;-60;-66;-62;-14;-64;-67;-65;-62;-67;-72;-64;-64;-11;-70;-66;-68;-62;-67;-66;-58;-66;-29;-66;-73;-74;-67;-69;-68;-65;-60;-66;-68;-62;-69;-74;-63;-31;-37;-64;-71;-67;-42;-72;-61;-54;-67;-51;-44;-59;-72;-70;-81;-34;-64;-17;-63;-66;-30;-33;-33;-62;-68;-66;-63;-58;-67;-67;-65;-55;-40;-66;-67;-38;-62;-73;-63;-63;-25;-66;-65;-62;-65;-66;-64;-35;-3;-69;-17;-67;-30;-57;-62;-76;-56;-65;-53;-61;-52;-77;-67;-60;-73;-47;-66;-64;-71;-32;-74;-77;-65;-60;-66;-59;-61;-63;-65;-62;-70;-65;-57;-65;-63;-46;-67;-17;-58;-66;-56;-3;-76;-66;-45;-63;-67;-61;-62;-60;-62;-50;-63;-26;-61;-56;-93;-57;-54;-55;-69;-67;-66;-57;-58;-66;-60;-34;-45;-66;-51;-55;-55;-63;-51;-58;-53;-59;-57;-57;-55;-73;-3;-59;-69;-58;-59;-8;-27;-57;-36;-31
-83;-93;-84;-65;-75;-80;-89;-89;-93;-77;-81;-59;-72;-73;-94;-86;-85;-87;-72;-78;-63;-101;-73;-61;-85;-64;-68;-53;-84;-69;-83;-80;-43;-32;-79;-3;-81;-75;-69;-76;-77;-84;-85;-55;-49;-39;-58;-80;-68;-83;-70;-76;-68;-77;-64;-82;-65;-70;-55;-79;-69;-86;-74;-69;-45;-83;-94;-48;-87;-76;-52;-83;-76;-86;-80;-85;-72;-77;-52;-82;-68;-78;-71;-58;-3;-82;-51;-73;-76;-82;-76;-82;-88;-78;-73;-89;-76;-75;-77;-4;-92;-58;-78;-82;-77;-56;-75;-80;-69;-69;-87;-67;-86;-74;-77;-81;-96;-78;-82;-81;-74;-75;-67;-84;-84;-77;-66;-68;-21;-77;-74;-64;-74;-24;-70;-55;-79;-67;-69;-70;-71;-75;-58;-68;-73;-80;-55;-67;-67;-2;-63;-78;-65;-84;-72;-33;-81;-55;-82;-63;-57;-83;-75;-68;-57;-77;-84;-58;-76;-63;-82;-68;-52;-26;-71;-49;-76;-87;-82;-80;-69;-66;-54;-62;-75;-72;-38;-73;-83;-73;-76;-51;-79;-69;-75;-60;-75;-63;-78;-73;-56;-58;-47;-64;-64;-5;-90;-67;-59;-74;-2;-25;-65;-61;-50;-72;-70;-71;-73;-79;-68;-12;-65;-65;-80;-36;-75;-58;-78;-49;-3;-71;-53;-61;-71;-2;-79;-44;-74;-68;-77;-69;-75;-79;-59;-70;-80;-68;-76;-77;-83;-35;-64;-4;-63;-76;-24;-71;-65;-68;-75;-75;-79;-66;-81;-76;-78;-50;-62;-72;-66;-66;-75;-75;-64;-74;-59;-53;-75;-69;-83;-48;-80;-77;-70;-62;-63;-69;-67;-78;-80;-63;-76;-85;-64;-68;-85;-60;-65;-56;-87;-53;-74;-76;-64;-69;-75;-65;-69;-71;-78;-80;-77;-72;-72;-93;-69;-68;-55;-54;-83;-68;-78;-46;-83;-82;-71;-74;-66;-61;-74;-72;-46;-73;-69;-84;-59;-73;-69;-64;-78;-72;-65;-2;-73;-68;-72;-75;-65;-57;-77;-67;-74;-68;-75;-72;-74;-75;-72;-79;-41;-73;-79;-59;-58;-74;-58;-95;-61;-68;-75;-68;-76;-69;-64;-75;-69;-76;-65;-64;-76;-72;-69;-50;-63;-78;-60;-3;-69;-75;-79;-63;-69;-50;-66;-72;-58;-62;-80;-80;-74;-71;-75;-3;-77;-74;-78;-67;-83;-72;-38;-64;-68;-69;-70;-68;-25;-74;-71;-67;-65;-74;-78;-71;-63;-61;-75;-65;-63;-72;-70;-74;-2;-73;-72;-27;-51;-69;-76;-69;-66;-79;-67;-64;-37;-59;-71;-66;-72;-80;-76;-71;-72;-64;-78;-65;-74;-73;-72;-44;-64;-63;-54;-72;-67;-34;-72;-70;-66;-81;-72;-76;-72;-73;-69;-67;-71;-63;-61;-71;-72;-60;-65;-66;-62;-65;-70;-60;-70;-73;-78;-3;-61;-62;-74;-69;-70;-70;-78;-72;-69;-64;-2;-67;-52;-61;-73;-73;-65;-67;-68;-70;-62;-33;-62;-70;-55;-53;-63;-82;-65;-73;-65;-65;-51;-64;-62;-70;-40;-67;-66;-43;-60;-50;-47;-48;-65;-63;-58;-64;-21;-72;-77;-69;-74;-57;-72;-71;-64;-66;-74;-31;-66;-76;-74;-66;-83;-50;-73;-66;-66;-80;-62;-32;-58;-72;-58;-70;-78;-70;-72;-77;-58;-63;-76;-78;-79;-62;-68;-59;-73;-71;-14;-58;-62;-47;-17;-58;-69;-68;-43;-66;-66;-63;-62;-69;-70;-55;-67;-66;-5;-72;-67;-74;-72;-71;-73;-72;-73;-42;-3;-56;-67;-44;-44;-69;-73;-69;-42;-73;-71;-72;-64;-51;-61;-62;-60;-49;-67;-70;-44;-44;-64;-66;-55;-71;-55;-64;-70;-54;-67;-59;-67;-73;-59;-89;-80;-67;-65;-69;-76;-69;-77;-70;-58;-72;-67;-67;-85;-73;-50;-58;-63;-75;-72;-67;-73;-74;-63;-61;-81;-68;-69;-66;-71;-99;-61;-63;-24;-46;-58;-60;-60;-72;-67;-71;-66;-63;-69;-68;-69;-67;-76;-64;-92;-62;-67;-77;-45;-64;-70;-62;-67;-89;-64;-34;-58;-79;-60;-65;-66;-66;-62;-70;-65;-37;-62;-45;-69;-68;-65;-64;-65;-67;-70;-67;-72;-49;-72;-74;-67;-62;-62;-15;-68;-73;-61;-38;-60;-76;-60;-67;-67;-69;-61;-72;-68;-17;-77;-53;-65;-12;-64;-76;-68;-68;-29;-50;-95;-68;-62;-66;-69;-68;-33;-60;-69;-29;-60;-25;-62;-49;-57;-77;-63;-69;-62;-60;-58;-33;-62;-67;-51;-60;-72;-67;-64;-47;-63;-36;-65;-62;-43;-65;-66;-63;-68;-67;-62;-2;-62;-58;-59;-67;-66;-75;-63;-59;-70;-66;-61;-67;-53;-79;-19;-63;-67;-8;-81;-67;-67;-35;-67;-83;-67;-64;-38;-65;-10;-69;-63;-69;-25;-2;-70;-71;-65;-64;-66;-70;-57;-61;-58;-67;-2;-64;-69;-72;-68;-70;-43;-56;-71;-38;-66;-69;-59;-72;-69;-73;-58;-65;-26;-52;-81;-91;-57;-49;-70;-77;-58;-74;-68;-69;-53;-63;-67;-65;-62;-71;-70;-70;-41;-36;-53;-50;-54;-52;-67;-56;-66;-57;-65;-58;-62;-69;-70;-51;-72;-58;-69;-74;-62;-63;-68;-70;-69;-78;-22;-58;-66;-71;-60;-60;-40;-36;-68;-44;-53;-57;-66;-2;-62;-57;-64;-3;-62;-66;-69;-72;-67;-70;-69;-31;-13;-31;-73;-64;-75;-50;-58;-98;-61;-67;-57;-56;-71;-55;-84;-61;-65;-73;-46;-45;-78;-68;-62;-67;-65;-70;-69;-61;-65;-67;-59;-66;-69;-69;-64;-52;-3;-66;-65;-66;-66;-54;-72;-65;-63;-61;-60;-63;-36;-68;-2;-58;-68;-81;-56;-57;-67;-4;-64;-81;-62;-63;-65;-64;-66;-73
-81;-33;-75;-89;-64;-75;-55;-39;-61;-67;-88;-69;-85;-81;-87;-84;-87;-82;-22;-81;-55;-74;-83;-67;-3;-78;-86;-83;-62;-65;-1;-75;-67;-68;-59;-87;-69;-79;-46;-86;-47;-84;-65;-101;-43;-6;-38;-70;-79;-101;-65;-77;-53;-75;-67;-77;-61;-80;-75;-74;-55;-68;-31;-90;-77;-51;-67;-79;-65;-74;-86;-74;-14;-85;-70;-79;-72;-72;-52;-83;-45;-83;-86;-86;-74;-58;-73;-84;-78;-71;-61;-79;-86;-3;-80;-78;-75;-80;-96;-67;-91;-54;-72;-81;-72;-80;-67;-76;-57;-63;-53;-72;-70;-47;-76;-26;-65;-90;-66;-73;-33;-77;-76;-73;-54;-75;-68;-74;-76;-74;-75;-87;-76;-70;-82;-65;-80;-57;-47;-73;-25;-80;-76;-67;-84;-71;-84;-79;-73;-89;-75;-66;-73;-58;-73;-87;-74;-74;-72;-77;-81;-55;-73;-81;-76;-55;-76;-72;-69;-35;-72;-70;-82;-76;-69;-78;-43;-76;-81;-63;-44;-67;-55;-71;-65;-45;-91;-61;-75;-79;-75;-74;-75;-89;-60;-64;-49;-71;-76;-65;-62;-52;-77;-75;-71;-60;-73;-54;-79;-64;-75;-58;-71;-73;-65;-79;-70;-75;-82;-76;-39;-96;-81;-80;-68;-76;-65;-76;-65;-73;-77;-67;-76;-70;-74;-80;-63;-64;-51;-57;-67;-77;-77;-73;-73;-65;-79;-70;-80;-80;-71;-64;-74;-54;-75;-63;-72;-75;-74;-74;-57;-65;-82;-69;-71;-3;-83;-82;-83;-79;-76;-78;-76;-66;-84;-60;-77;-76;-73;-75;-77;-73;-59;-64;-80;-72;-54;-68;-58;-64;-74;-66;-81;-60;-62;-81;-80;-59;-38;-64;-82;-64;-74;-45;-57;-72;-68;-76;-67;-61;-73;-74;-66;-71;-57;-69;-67;-55;-70;-59;-69;-68;-45;-72;-63;-70;-71;-71;-79;-69;-66;-83;-66;-50;-78;-59;-78;-91;-76;-66;-67;-64;-72;-63;-72;-80;-61;-85;-64;-64;-61;-67;-65;-72;-75;-52;-71;-67;-67;-74;-51;-76;-70;-79;-60;-30;-77;-69;-74;-61;-51;-63;-62;-69;-69;-66;-74;-63;-63;-73;-59;-66;-84;-69;-78;-69;-59;-64;-61;-63;-71;-72;-70;-53;-70;-63;-73;-83;-72;-65;-74;-66;-76;-73;-63;-54;-66;-70;-39;-79;-56;-70;-63;-73;-72;-71;-75;-70;-74;-67;-64;-42;-61;-70;-72;-92;-68;-54;-62;-52;-58;-80;-62;-64;-53;-75;-68;-41;-67;-69;-62;-83;-73;-74;-74;-37;-70;-64;-79;-73;-45;-72;-72;-41;-42;-72;-70;-71;-63;-70;-69;-74;-69;-56;-71;-53;-78;-68;-66;-73;-75;-69;-77;-55;-70;-67;-77;-72;-62;-61;-63;-69;-46;-76;-73;-66;-70;-70;-66;-68;-67;-3;-73;-72;-65;-68;-66;-57;-68;-66;-57;-59;-57;-61;-64;-59;-56;-69;-68;-70;-27;-71;-68;-70;-66;-51;-55;-65;-67;-70;-76;-64;-70;-37;-77;-68;-71;-63;-58;-65;-60;-77;-52;-72;-64;-69;-64;-79;-69;-75;-61;-67;-67;-59;-65;-50;-72;-62;-60;-74;-63;-59;-64;-72;-67;-71;-38;-60;-56;-40;-64;-67;-55;-65;-61;-74;-69;-84;-69;-58;-60;-77;-47;-61;-69;-67;-84;-67;-59;-58;-71;-71;-65;-62;-71;-67;-66;-71;-58;-54;-90;-68;-41;-70;-70;-69;-70;-38;-60;-49;-63;-90;-64;-80;-64;-67;-65;-73;-42;-54;-59;-63;-41;-69;-57;-63;-74;-64;-70;-58;-62;-47;-60;-69;-69;-76;-3;-67;-68;-64;-44;-72;-32;-68;-69;-2;-70;-73;-59;-55;-63;-61;-64;-63;-70;-62;-62;-65;-70;-87;-74;-33;-76;-53;-70;-74;-71;-62;-64;-68;-3;-71;-42;-64;-64;-59;-74;-63;-70;-47;-66;-72;-66;-52;-67;-72;-48;-56;-67;-61;-65;-69;-33;-65;-64;-68;-71;-56;-71;-65;-22;-37;-23;-3;-51;-52;-62;-62;-67;-73;-67;-40;-49;-42;-71;-66;-70;-64;-64;-43;-69;-60;-62;-3;-43;-65;-32;-62;-69;-66;-71;-51;-60;-33;-65;-59;-78;-44;-68;-71;-74;-69;-28;-70;-67;-60;-45;-62;-50;-68;-70;-24;-62;-66;-29;-33;-68;-65;-60;-58;-22;-64;-67;-66;-62;-59;-33;-76;-63;-66;-63;-65;-78;-70;-68;-69;-64;-66;-66;-67;-68;-67;-61;-68;-67;-64;-32;-82;-67;-68;-73;-71;-56;-64;-76;-64;-71;-72;-58;-69;-71;-65;-71;-76;-58;-66;-64;-68;-70;-68;-66;-76;-67;-63;-66;-66;-67;-56;-70;-30;-69;-53;-61;-70;-73;-67;-69;-45;-67;-60;-75;-61;-68;-61;-66;-65;-56;-53;-60;-67;-60;-73;-62;-70;-69;-61;-67;-75;-62;-52;-54;-68;-65;-60;-60;-52;-34;-71;-57;-66;-70;-46;-71;-57;-74;-65;-62;-97;-50;-66;-72;-64;-65;-61;-64;-62;-65;-46;-57;-79;-59;-44;-60;-58;-61;-57;-69;-71;-26;-67;-70;-48;-62;-60;-67;-56;-63;-55;-63;-42;-63;-66;-57;-56;-82;-67;-60;-60;-71;-70;-64;-63;-72;-55;-34;-62;-67;-61;-68;-60;-3;-73;-62;-60;-45;-64;-53;-48;-64;-39;-44;-100;-66;-70;-27;-59;-55;-98;-66;-55;-63;-55;-66;-49;-60;-55;-58;-64;-58;-54;-65;-55;-62;-59;-56;-75;-59;-54;-69;-63;-46;-59;-25;-51;-60;-64;-57;-51;-35;-61;-56;-58;-45;-71;-62;-27;-61;-35;-57;-49;-57;-60;-65;-60;-64;-56;-46;-63;-56;-65;-60;-68;-66;-65;-56;-60;-59;-70;-63;-51;-62;-64;-38;-65;-68;-59;-65;-54;-67;-64
-84;-80;-65;-71;-51;-60;-88;-63;-65;-96;-82;-16;-67;-89;-84;-68;-67;-75;-56;-56;-98;-87;-78;-33;-86;-92;-57;-73;-54;-79;-81;-48;-83;-17;-74;-81;-84;-19;-95;-5;-85;-81;-85;-71;-72;-69;-76;-86;-75;-1;-85;-59;-85;-28;-60;-73;-77;-84;-72;-84;-78;-75;-28;-83;-77;-81;-74;-85;-79;-73;-69;-85;-80;-9;-50;-74;-86;-79;-77;-69;-66;-77;-79;-37;-69;-75;-89;-82;-70;-71;-74;-78;-69;-79;-79;-60;-75;-70;-61;-63;-55;-68;-69;-71;-81;-66;-78;-87;-75;-60;-70;-78;-66;-83;-81;-4;-70;-84;-70;-65;-65;-75;-82;-79;-94;-82;-66;-81;-78;-85;-73;-69;-77;-75;-64;-67;-79;-66;-78;-75;-88;-75;-77;-55;-88;-69;-61;-83;-66;-64;-53;-64;-63;-45;-70;-79;-51;-77;-93;-69;-68;-90;-61;-2;-67;-81;-71;-64;-61;-75;-87;-76;-78;-71;-72;-61;-87;-74;-80;-72;-15;-3;-78;-2;-52;-67;-81;-70;-80;-77;-56;-51;-58;-79;-37;-51;-79;-71;-3;-76;-81;-66;-79;-65;-63;-56;-78;-81;-69;-56;-79;-67;-91;-65;-50;-75;-57;-70;-85;-59;-68;-69;-55;-82;-60;-75;-73;-61;-78;-76;-29;-66;-75;-72;-79;-76;-73;-81;-68;-42;-68;-66;-76;-70;-57;-60;-67;-78;-38;-70;-43;-72;-40;-63;-67;-70;-19;-64;-73;-69;-59;-78;-72;-71;-44;-74;-75;-66;-69;-68;-77;-60;-74;-78;-84;-76;-69;-77;-72;-56;-81;-71;-79;-69;-77;-70;-60;-53;-66;-61;-47;-76;-67;-66;-5;-61;-52;-55;-70;-56;-46;-71;-76;-76;-60;-52;-75;-81;-59;-80;-81;-68;-81;-3;-63;-56;-53;-66;-73;-65;-32;-75;-60;-28;-2;-65;-74;-66;-67;-73;-75;-50;-56;-65;-77;-80;-81;-78;-75;-77;-70;-47;-30;-3;-77;-67;-74;-78;-54;-80;-70;-79;-61;-69;-90;-76;-74;-62;-47;-65;-62;-76;-69;-72;-71;-58;-41;-72;-64;-50;-75;-69;-75;-3;-71;-60;-77;-73;-70;-43;-73;-63;-65;-73;-60;-67;-70;-54;-52;-69;-42;-47;-60;-73;-82;-71;-71;-76;-63;-44;-67;-81;-73;-63;-71;-58;-48;-62;-77;-81;-72;-76;-70;-71;-64;-74;-82;-93;-65;-63;-3;-73;-60;-64;-60;-75;-58;-58;-71;-78;-66;-58;-79;-67;-66;-57;-61;-63;-70;-73;-66;-65;-66;-65;-43;-66;-59;-68;-67;-53;-64;-53;-70;-75;-68;-2;-42;-63;-64;-66;-68;-69;-69;-72;-70;-78;-72;-75;-57;-71;-71;-69;-75;-74;-45;-67;-70;-60;-67;-59;-77;-33;-76;-70;-66;-71;-68;-66;-75;-74;-75;-71;-60;-75;-71;-69;-57;-76;-59;-70;-77;-72;-59;-68;-70;-33;-3;-60;-69;-76;-3;-48;-72;-61;-54;-67;-67;-39;-69;-62;-4;-71;-49;-69;-77;-67;-65;-51;-60;-67;-60;-70;-70;-69;-71;-59;-63;-60;-49;-68;-71;-40;-63;-65;-64;-59;-42;-73;-70;-62;-61;-23;-76;-38;-73;-2;-33;-65;-46;-30;-71;-100;-74;-74;-45;-72;-75;-69;-80;-75;-73;-82;-20;-69;-73;-65;-15;-57;-64;-71;-70;-65;-66;-56;-69;-67;-72;-73;-57;-64;-66;-50;-52;-73;-69;-2;-68;-63;-63;-68;-60;-68;-64;-62;-64;-66;-46;-70;-69;-72;-43;-36;-76;-27;-72;-74;-75;-71;-76;-63;-74;-66;-68;-47;-74;-67;-63;-73;-76;-67;-68;-62;-70;-42;-84;-70;-70;-66;-65;-53;-33;-62;-2;-36;-45;-2;-62;-73;-28;-60;-80;-91;-62;-71;-66;-73;-67;-74;-3;-33;-71;-69;-66;-47;-66;-67;-57;-38;-57;-68;-69;-69;-69;-66;-64;-60;-64;-62;-66;-61;-63;-61;-76;-59;-35;-74;-71;-76;-68;-75;-67;-68;-62;-70;-62;-67;-58;-72;-77;-69;-73;-63;-66;-67;-75;-69;-64;-77;-70;-72;-75;-62;-64;-28;-67;-69;-72;-72;-67;-65;-69;-69;-70;-26;-86;-47;-57;-75;-44;-69;-74;-63;-59;-68;-66;-67;-31;-79;-69;-72;-67;-34;-70;-72;-71;-51;-59;-52;-70;-65;-72;-64;-63;-73;-63;-61;-25;-61;-52;-74;-68;-70;-69;-48;-62;-68;-57;-53;-55;-72;-6;-68;-61;-66;-68;-70;-70;-66;-64;-69;-72;-60;-68;-54;-73;-68;-53;-75;-70;-76;-73;-71;-75;-65;-62;-64;-65;-69;-46;-61;-70;-71;-60;-71;-72;-64;-71;-78;-75;-68;-49;-41;-35;-68;-67;-60;-63;-64;-73;-71;-59;-47;-55;-68;-50;-71;-64;-81;-64;-57;-68;-64;-59;-70;-69;-63;-70;-69;-65;-75;-57;-60;-60;-64;-63;-76;-71;-73;-77;-23;-61;-71;-71;-37;-67;-55;-78;-60;-73;-66;-59;-55;-74;-59;-80;-62;-67;-69;-65;-76;-67;-59;-3;-67;-61;-74;-63;-68;-66;-54;-65;-65;-73;-62;-63;-60;-64;-67;-87;-59;-68;-76;-61;-64;-60;-62;-39;-58;-16;-63;-61;-39;-55;-62;-94;-70;-70;-61;-72;-63;-56;-56;-60;-60;-57;-4;-57;-65;-70;-40;-41;-49;-3;-66;-57;-62;-63;-60;-52;-62;-58;-58;-66;-59;-48;-54;-58;-59;-57;-59;-62;-31;-64;-61;-64;-57;-69;-88;-66;-72;-71;-61;-58;-66;-59;-63;-61;-62;-67;-59;-58;-60;-74;-93;-58;-68;-58;-60;-63;-64;-57;-57;-2;-57;-76;-67;-51;-57;-59;-56;-64;-39;-23;-71;-74;-70;-65;-63;-67;-64;-57;-58;-66;-60;-70;-60;-64;-68;-58;-2
-79;-76;-81;-76;-73;-74;-82;-83;-85;-88;-81;-66;-72;-81;-76;-72;-56;-16;-55;-74;-71;-71;-76;-87;-75;-36;-54;-80;-70;-74;-79;-82;-72;-96;-65;-89;-80;-82;-79;-82;-75;-81;-81;-82;-80;-92;-67;-80;-84;-81;-77;-49;-35;-71;-72;-67;-65;-82;-55;-96;-45;-80;-63;-68;-73;-75;-75;-79;-49;-51;-85;-60;-76;-3;-70;-3;-77;-74;-60;-82;-82;-88;-85;-69;-54;-5;-72;-72;-76;-71;-80;-58;-77;-82;-73;-76;-52;-39;-91;-74;-76;-75;-69;-67;-79;-98;-73;-64;-62;-3;-77;-3;-82;-71;-89;-79;-48;-68;-77;-66;-82;-67;-37;-87;-72;-76;-66;-78;-72;-79;-80;-78;-60;-70;-69;-60;-66;-62;-77;-50;-62;-76;-72;-61;-71;-87;-84;-86;-68;-81;-72;-63;-51;-3;-23;-83;-71;-89;-77;-87;-77;-60;-69;-84;-61;-78;-77;-65;-78;-63;-76;-79;-45;-69;-80;-82;-79;-75;-81;-77;-71;-66;-80;-79;-69;-77;-59;-72;-65;-69;-74;-82;-70;-81;-58;-75;-80;-83;-78;-61;-93;-32;-77;-76;-78;-74;-81;-72;-89;-39;-76;-44;-70;-69;-78;-51;-76;-66;-75;-82;-80;-86;-63;-60;-62;-78;-69;-71;-69;-59;-74;-83;-63;-72;-76;-67;-69;-80;-78;-68;-79;-4;-62;-64;-70;-61;-79;-72;-61;-73;-76;-67;-54;-88;-70;-69;-89;-74;-60;-59;-79;-78;-63;-73;-79;-79;-66;-64;-59;-70;-80;-55;-84;-90;-68;-68;-71;-94;-36;-69;-63;-52;-51;-28;-34;-57;-77;-65;-72;-69;-74;-42;-70;-75;-75;-98;-70;-73;-46;-63;-75;-64;-63;-77;-68;-57;-65;-69;-72;-66;-67;-66;-89;-74;-77;-67;-79;-70;-80;-65;-75;-61;-73;-62;-57;-65;-66;-73;-54;-95;-56;-61;-73;-82;-71;-82;-57;-73;-74;-57;-68;-75;-70;-67;-70;-70;-29;-67;-62;-71;-75;-66;-70;-70;-67;-38;-80;-74;-88;-76;-45;-54;-75;-3;-66;-59;-61;-72;-59;-76;-71;-54;-84;-75;-69;-73;-60;-63;-65;-80;-70;-77;-49;-71;-73;-75;-71;-66;-76;-64;-78;-44;-42;-38;-53;-65;-59;-2;-71;-63;-69;-78;-65;-75;-72;-69;-63;-67;-62;-70;-64;-63;-64;-2;-58;-39;-70;-55;-65;-48;-3;-74;-61;-66;-74;-66;-72;-72;-76;-68;-77;-70;-60;-59;-70;-67;-80;-55;-77;-82;-54;-20;-44;-73;-66;-35;-71;-62;-72;-67;-36;-80;-64;-69;-72;-74;-66;-66;-62;-75;-68;-65;-78;-68;-28;-72;-72;-76;-73;-30;-67;-72;-61;-63;-54;-73;-59;-68;-32;-80;-68;-68;-62;-40;-70;-66;-78;-77;-76;-72;-74;-69;-72;-65;-69;-69;-76;-71;-52;-72;-24;-70;-71;-83;-73;-64;-73;-71;-73;-59;-67;-62;-97;-69;-97;-65;-74;-37;-66;-73;-66;-68;-64;-45;-70;-70;-88;-43;-69;-43;-72;-54;-53;-75;-51;-75;-71;-67;-75;-71;-63;-67;-74;-74;-51;-48;-65;-45;-59;-48;-63;-62;-68;-2;-62;-53;-57;-64;-58;-69;-44;-48;-68;-63;-63;-73;-78;-61;-75;-68;-72;-74;-70;-70;-75;-65;-72;-58;-71;-57;-51;-69;-59;-71;-59;-62;-71;-70;-76;-98;-71;-76;-74;-92;-72;-72;-43;-72;-3;-69;-43;-68;-66;-68;-70;-58;-72;-69;-58;-67;-74;-72;-48;-72;-73;-72;-67;-68;-78;-37;-65;-61;-42;-67;-75;-62;-72;-74;-77;-69;-68;-65;-54;-66;-69;-30;-66;-79;-59;-69;-62;-73;-34;-61;-65;-68;-66;-69;-39;-60;-69;-75;-69;-72;-66;-69;-70;-38;-65;-65;-53;-60;-75;-66;-67;-67;-71;-65;-65;-62;-32;-67;-47;-30;-2;-69;-38;-72;-58;-70;-66;-66;-71;-58;-71;-39;-66;-64;-72;-64;-69;-56;-61;-65;-66;-48;-2;-63;-85;-61;-68;-49;-41;-56;-64;-33;-68;-71;-70;-69;-44;-76;-62;-65;-69;-69;-71;-68;-73;-68;-68;-66;-74;-71;-52;-76;-32;-50;-60;-35;-60;-72;-74;-58;-65;-32;-63;-61;-53;-64;-70;-29;-66;-31;-49;-2;-54;-68;-70;-43;-64;-72;-71;-60;-60;-66;-68;-2;-68;-13;-75;-62;-70;-59;-76;-70;-67;-61;-71;-61;-68;-64;-62;-78;-56;-67;-18;-63;-71;-69;-88;-69;-87;-87;-56;-66;-75;-80;-68;-71;-49;-38;-56;-42;-58;-72;-13;-65;-64;-59;-76;-69;-64;-62;-74;-63;-67;-70;-63;-66;-53;-38;-69;-72;-66;-65;-83;-66;-69;-62;-70;-59;-57;-48;-85;-64;-64;-66;-68;-67;-68;-56;-59;-66;-64;-50;-66;-66;-60;-45;-65;-58;-69;-50;-71;-36;-70;-46;-58;-53;-59;-47;-65;-52;-65;-72;-61;-72;-62;-61;-55;-64;-51;-55;-62;-72;-81;-66;-82;-44;-69;-71;-3;-71;-67;-66;-46;-50;-64;-63;-65;-67;-67;-64;-55;-93;-65;-63;-63;-66;-55;-67;-79;-52;-60;-49;-56;-50;-50;-44;-69;-57;-64;-74;-39;-91;-62;-66;-60;-38;-2;-41;-68;-51;-56;-38;-59;-56;-63;-38;-67;-65;-71;-33;-57;-62;-34;-48;-72;-65;-57;-66;-68;-66;-61;-63;-66;-63;-60;-67;-67;-69;-61;-61;-23;-62;-66;-66;-66;-40;-70;-46;-65;-63;-60;-2;-67;-62;-76;-56;-58;-72;-2;-37;-65;-56;-69;-67;-63;-63;-66;-72;-65;-55;-60;-62;-71;-71;-63;-60;-2;-64;-41;-66;-63;-83;-68;-69;-79;-68;-58;-40;-45;-64;-67;-67;-15;-66;-60;-21
-81;-82;-79;-67;-95;-76;-82;-101;-87;-66;-73;-87;-86;-62;-85;-75;-75;-68;-65;-80;-6;-83;-63;-86;-72;-25;-91;-81;-97;-82;-99;-75;-73;-76;-55;-49;-54;-80;-73;-86;-100;-87;-88;-81;-41;-72;-79;-85;-79;-41;-79;-44;-78;-81;-50;-84;-73;-81;-48;-83;-73;-77;-73;-75;-90;-78;-72;-79;-62;-73;-69;-78;-74;-74;-58;-83;-44;-57;-70;-76;-75;-78;-80;-78;-72;-49;-80;-65;-65;-81;-78;-72;-63;-76;-75;-74;-78;-80;-79;-83;-84;-79;-83;-52;-75;-78;-79;-68;-65;-79;-90;-45;-80;-73;-63;-53;-68;-77;-58;-84;-72;-74;-76;-74;-80;-82;-61;-96;-81;-82;-2;-75;-83;-68;-84;-63;-74;-72;-74;-76;-89;-73;-74;-76;-61;-65;-60;-57;-74;-64;-68;-63;-78;-75;-82;-67;-84;-71;-67;-82;-66;-66;-54;-75;-81;-88;-65;-73;-47;-65;-71;-73;-77;-69;-79;-61;-88;-63;-75;-75;-52;-56;-61;-64;-56;-63;-72;-74;-5;-69;-62;-78;-55;-72;-79;-78;-69;-40;-79;-77;-51;-68;-70;-66;-68;-75;-70;-76;-77;-77;-63;-66;-60;-49;-84;-71;-69;-56;-76;-58;-3;-61;-65;-75;-74;-70;-74;-76;-67;-46;-80;-71;-78;-56;-58;-3;-3;-77;-70;-76;-49;-51;-78;-73;-51;-75;-59;-75;-78;-76;-46;-63;-77;-62;-76;-67;-78;-73;-71;-52;-38;-76;-76;-61;-74;-66;-77;-69;-68;-73;-78;-70;-76;-61;-43;-67;-70;-70;-67;-77;-74;-72;-64;-62;-67;-72;-91;-69;-76;-61;-74;-73;-73;-73;-68;-75;-88;-68;-75;-78;-80;-68;-39;-61;-66;-71;-76;-71;-91;-67;-69;-74;-68;-77;-74;-78;-76;-67;-68;-58;-27;-73;-76;-65;-75;-67;-54;-63;-71;-80;-67;-72;-74;-66;-71;-75;-64;-60;-71;-75;-73;-64;-71;-60;-60;-72;-60;-64;-62;-57;-3;-30;-77;-65;-77;-3;-75;-74;-75;-72;-63;-69;-61;-59;-73;-59;-70;-55;-65;-69;-55;-76;-72;-75;-90;-71;-46;-70;-73;-81;-36;-58;-78;-49;-70;-67;-55;-40;-61;-54;-75;-63;-71;-71;-34;-45;-65;-72;-67;-73;-80;-60;-67;-79;-87;-65;-66;-49;-59;-71;-58;-69;-59;-74;-56;-60;-70;-70;-65;-73;-82;-70;-77;-52;-82;-69;-70;-62;-77;-60;-72;-70;-59;-70;-67;-63;-60;-64;-66;-73;-56;-71;-74;-73;-34;-72;-50;-72;-79;-71;-77;-65;-95;-39;-67;-57;-68;-63;-69;-61;-72;-72;-70;-75;-74;-70;-63;-18;-49;-58;-61;-60;-29;-61;-52;-70;-90;-47;-73;-68;-64;-2;-73;-83;-72;-73;-73;-3;-3;-59;-41;-65;-69;-72;-50;-76;-33;-68;-68;-68;-67;-36;-56;-62;-75;-71;-25;-59;-66;-74;-63;-72;-69;-68;-29;-63;-65;-74;-13;-71;-72;-2;-67;-73;-34;-64;-69;-95;-3;-67;-92;-74;-64;-81;-72;-65;-56;-77;-52;-63;-67;-69;-66;-61;-3;-30;-67;-71;-74;-37;-73;-57;-71;-64;-63;-69;-75;-41;-40;-72;-71;-70;-69;-51;-68;-73;-19;-70;-71;-64;-65;-64;-67;-71;-70;-66;-83;-66;-75;-70;-70;-42;-73;-71;-68;-69;-76;-67;-71;-82;-70;-66;-2;-67;-53;-56;-66;-74;-69;-43;-76;-74;-63;-19;-75;-70;-63;-69;-65;-65;-62;-20;-70;-65;-64;-67;-29;-61;-54;-66;-64;-63;-74;-83;-35;-62;-64;-67;-66;-64;-66;-70;-71;-37;-68;-63;-69;-67;-77;-72;-67;-67;-68;-71;-74;-72;-51;-52;-66;-68;-68;-44;-65;-71;-58;-68;-72;-71;-70;-67;-71;-62;-68;-48;-61;-63;-61;-26;-61;-71;-70;-80;-73;-53;-74;-64;-66;-67;-71;-62;-66;-67;-72;-66;-67;-67;-60;-43;-64;-66;-69;-34;-15;-66;-71;-22;-42;-66;-63;-64;-35;-69;-64;-61;-88;-68;-38;-65;-46;-65;-60;-63;-73;-72;-62;-64;-56;-23;-75;-4;-67;-68;-72;-70;-65;-59;-70;-68;-62;-60;-66;-63;-69;-64;-64;-78;-82;-52;-53;-63;-2;-73;-44;-3;-70;-69;-77;-77;-59;-64;-67;-45;-33;-71;-65;-67;-60;-65;-72;-61;-65;-68;-68;-33;-72;-50;-75;-67;-74;-65;-72;-60;-71;-64;-61;-61;-42;-38;-63;-64;-72;-68;-69;-65;-73;-79;-62;-65;-65;-60;-62;-60;-70;-69;-70;-56;-67;-69;-67;-61;-57;-64;-66;-3;-70;-69;-48;-64;-70;-73;-61;-69;-49;-66;-53;-80;-65;-95;-66;-58;-59;-64;-68;-62;-64;-66;-58;-58;-66;-71;-72;-74;-3;-64;-40;-63;-66;-67;-65;-62;-64;-63;-70;-65;-100;-64;-65;-60;-68;-70;-73;-76;-69;-57;-51;-88;-40;-65;-34;-60;-38;-65;-61;-56;-65;-54;-67;-64;-70;-64;-65;-68;-55;-77;-76;-67;-66;-34;-73;-72;-29;-66;-68;-72;-64;-46;-62;-69;-67;-70;-88;-69;-64;-56;-58;-62;-32;-73;-71;-68;-62;-65;-59;-59;-62;-20;-64;-61;-69;-61;-68;-3;-79;-57;-67;-67;-62;-74;-51;-35;-66;-59;-76;-46;-53;-54;-64;-69;-57;-69;-68;-66;-69;-32;-57;-68;-67;-22;-72;-67;-78;-63;-69;-59;-71;-63;-58;-39;-2;-65;-74;-56;-64;-63;-68;-47;-65;-54;-67;-61;-65;-69;-46;-18;-56;-65;-66;-63;-64;-44;-97;-64;-27;-51;-66;-68;-64;-60;-69;-65;-65;-58;-30;-62;-78;-68;-67;-61;-65;-63;-58;-80;-60;-60;-62;-65;-70;-63;-65;-66
-69;-76;-46;-91;-82;-66;-48;-61;-83;-67;-100;-75;-92;-77;-83;-64;-82;-40;-69;-43;-84;-78;-71;-85;-92;-83;-78;-92;-81;-62;-80;-74;-79;-62;-61;-78;-39;-76;-76;-78;-70;-100;-79;-37;-79;-77;-84;-82;-83;-80;-75;-88;-73;-96;-29;-74;-76;-46;-84;-25;-86;-3;-72;-89;-67;-80;-64;-3;-69;-86;-57;-76;-70;-72;-65;-85;-68;-70;-81;-73;-77;-14;-52;-61;-83;-61;-71;-73;-69;-64;-4;-79;-92;-82;-78;-72;-76;-80;-59;-92;-72;-67;-75;-74;-63;-77;-81;-72;-71;-77;-66;-58;-71;-83;-83;-76;-44;-70;-65;-58;-80;-82;-84;-72;-76;-63;-34;-73;-78;-72;-73;-68;-65;-56;-72;-73;-59;-82;-70;-73;-69;-53;-78;-75;-68;-56;-38;-74;-65;-74;-70;-51;-65;-77;-58;-67;-78;-81;-68;-73;-56;-60;-68;-74;-90;-70;-77;-76;-66;-64;-92;-78;-74;-71;-61;-70;-68;-66;-87;-77;-67;-72;-81;-76;-59;-3;-79;-75;-88;-70;-51;-71;-77;-80;-60;-75;-66;-72;-58;-76;-42;-76;-75;-29;-70;-75;-70;-71;-73;-50;-81;-62;-85;-72;-71;-86;-74;-80;-66;-66;-51;-67;-79;-67;-71;-72;-76;-66;-84;-74;-71;-51;-66;-73;-76;-74;-53;-2;-60;-77;-73;-81;-78;-68;-68;-77;-61;-6;-81;-74;-57;-57;-70;-80;-71;-5;-79;-62;-71;-21;-76;-44;-66;-61;-74;-63;-80;-31;-57;-70;-70;-69;-74;-63;-70;-50;-58;-76;-73;-61;-65;-78;-52;-75;-73;-63;-74;-68;-51;-77;-52;-68;-74;-72;-79;-51;-78;-74;-65;-77;-71;-52;-75;-58;-72;-45;-67;-72;-62;-68;-65;-83;-66;-78;-64;-70;-71;-64;-73;-70;-74;-70;-53;-65;-65;-49;-67;-70;-75;-57;-57;-65;-78;-68;-68;-68;-73;-70;-72;-74;-61;-75;-72;-66;-66;-67;-68;-20;-70;-71;-71;-63;-39;-68;-66;-71;-3;-75;-65;-68;-70;-70;-65;-52;-61;-76;-80;-63;-73;-71;-21;-70;-74;-71;-71;-63;-63;-67;-65;-64;-79;-81;-81;-73;-66;-76;-60;-58;-72;-72;-46;-56;-62;-75;-75;-74;-57;-26;-73;-63;-65;-20;-68;-71;-72;-62;-54;-62;-66;-63;-61;-64;-74;-50;-70;-24;-77;-62;-83;-79;-74;-61;-53;-60;-83;-70;-94;-67;-69;-80;-72;-74;-68;-56;-66;-61;-81;-75;-65;-74;-66;-65;-72;-68;-66;-63;-70;-70;-57;-69;-66;-66;-54;-55;-60;-73;-70;-51;-76;-64;-61;-71;-73;-45;-71;-49;-61;-35;-72;-67;-71;-64;-66;-53;-68;-26;-60;-70;-71;-67;-67;-64;-74;-74;-68;-57;-79;-58;-81;-59;-57;-93;-74;-84;-71;-61;-65;-70;-72;-72;-72;-73;-73;-74;-67;-70;-68;-67;-75;-67;-71;-52;-69;-53;-77;-71;-73;-68;-64;-47;-69;-71;-63;-70;-68;-71;-79;-65;-71;-68;-37;-70;-69;-69;-41;-74;-71;-65;-80;-77;-57;-69;-72;-62;-49;-71;-69;-3;-45;-52;-37;-64;-71;-60;-69;-59;-59;-65;-59;-73;-70;-77;-70;-68;-53;-71;-73;-62;-46;-64;-77;-60;-63;-64;-66;-47;-89;-53;-67;-77;-53;-74;-90;-40;-19;-56;-68;-71;-70;-76;-91;-34;-69;-64;-66;-70;-52;-56;-97;-73;-95;-65;-66;-68;-60;-59;-60;-67;-67;-60;-67;-38;-45;-56;-57;-49;-46;-66;-59;-64;-76;-55;-64;-74;-51;-68;-55;-55;-70;-76;-65;-59;-70;-48;-76;-56;-62;-59;-70;-67;-67;-66;-71;-64;-63;-62;-61;-69;-59;-68;-71;-69;-64;-70;-60;-65;-42;-82;-80;-72;-70;-54;-32;-46;-52;-65;-68;-31;-59;-70;-86;-72;-71;-56;-70;-57;-44;-57;-69;-60;-64;-52;-52;-70;-69;-75;-72;-34;-72;-60;-74;-70;-68;-65;-80;-69;-34;-80;-60;-64;-66;-67;-57;-61;-93;-91;-58;-58;-73;-71;-3;-64;-42;-67;-68;-70;-59;-57;-70;-29;-73;-72;-68;-67;-68;-61;-77;-63;-70;-64;-61;-68;-33;-59;-58;-21;-83;-72;-44;-66;-43;-73;-63;-75;-51;-64;-57;-69;-67;-69;-51;-65;-35;-3;-65;-60;-63;-61;-51;-91;-76;-69;-56;-71;-65;-41;-59;-63;-43;-77;-69;-74;-72;-66;-59;-14;-87;-63;-61;-58;-64;-73;-68;-66;-64;-87;-52;-63;-64;-24;-67;-63;-74;-34;-70;-63;-68;-53;-61;-60;-23;-62;-94;-68;-56;-52;-38;-64;-70;-29;-70;-68;-61;-59;-37;-71;-32;-60;-74;-70;-67;-65;-46;-68;-71;-57;-43;-73;-59;-50;-31;-77;-73;-74;-72;-65;-63;-33;-69;-71;-3;-64;-67;-54;-73;-63;-56;-61;-67;-70;-38;-58;-79;-61;-62;-68;-62;-72;-63;-3;-68;-59;-62;-62;-73;-64;-57;-74;-64;-68;-67;-66;-62;-54;-56;-64;-56;-67;-66;-57;-67;-65;-58;-69;-61;-66;-66;-62;-69;-64;-64;-72;-62;-57;-69;-66;-34;-65;-65;-63;-50;-63;-72;-64;-70;-55;-68;-39;-62;-66;-66;-58;-40;-62;-61;-63;-53;-71;-57;-68;-58;-59;-55;-55;-40;-65;-34;-59;-53;-62;-59;-70;-55;-72;-59;-66;-59;-76;-27;-63;-73;-47;-60;-64;-69;-61;-67;-40;-34;-50;-65;-61;-47;-61;-62;-61;-70;-23;-61;-61;-61;-59;-38;-66;-64;-56;-18;-62;-70;-32;-60;-41;-59;-65;-62;-40;-54;-66;-63;-63;-44;-60;-64;-61;-58;-64;-62;-64;-59;-57;-49;-61;-25;-63;-52;-58;-53;-64;-58;-69
-73;-80;-90;-65;-79;-87;-66;-85;-84;-79;-68;-69;-22;-74;-78;-70;-71;-77;-91;-77;-83;-81;-90;-30;-82;-88;-3;-78;-53;-84;-70;-85;-70;-99;-71;-70;-73;-69;-77;-63;-98;-81;-82;-53;-64;-94;-80;-85;-68;-81;-84;-83;-3;-76;-64;-82;-82;-82;-79;-71;-75;-69;-79;-77;-74;-74;-68;-86;-74;-40;-76;-94;-52;-67;-80;-79;-88;-60;-3;-76;-16;-66;-68;-74;-82;-62;-60;-24;-74;-73;-85;-67;-83;-60;-82;-66;-79;-83;-84;-3;-83;-64;-78;-74;-87;-81;-73;-79;-82;-77;-84;-58;-76;-66;-75;-79;-75;-76;-5;-85;-57;-59;-53;-75;-60;-77;-71;-59;-71;-56;-75;-48;-18;-67;-74;-65;-70;-80;-59;-65;-61;-66;-82;-50;-67;-77;-76;-61;-62;-33;-81;-80;-83;-60;-75;-60;-76;-55;-66;-65;-71;-48;-75;-76;-20;-68;-22;-37;-68;-79;-52;-59;-78;-74;-57;-75;-81;-74;-84;-3;-77;-28;-63;-61;-87;-74;-75;-77;-92;-75;-63;-69;-66;-48;-73;-74;-61;-76;-80;-74;-64;-67;-73;-68;-79;-61;-77;-75;-74;-5;-76;-65;-76;-77;-65;-60;-79;-3;-75;-62;-73;-74;-41;-48;-65;-79;-5;-74;-77;-80;-68;-63;-72;-80;-79;-65;-74;-66;-69;-49;-77;-96;-52;-3;-2;-66;-72;-64;-59;-65;-12;-83;-78;-60;-58;-42;-70;-77;-80;-53;-55;-69;-50;-35;-74;-73;-72;-60;-69;-18;-72;-81;-3;-73;-79;-69;-3;-58;-81;-66;-44;-57;-65;-78;-55;-50;-78;-80;-78;-67;-72;-87;-34;-75;-74;-43;-75;-31;-68;-67;-80;-67;-63;-84;-77;-63;-80;-71;-79;-76;-75;-69;-69;-61;-3;-72;-71;-71;-76;-51;-62;-70;-64;-60;-50;-68;-74;-67;-76;-69;-75;-72;-74;-80;-77;-65;-64;-74;-48;-57;-71;-67;-66;-68;-48;-79;-67;-73;-69;-43;-74;-69;-75;-75;-52;-59;-66;-66;-3;-72;-73;-16;-76;-62;-69;-70;-62;-61;-64;-72;-61;-3;-70;-74;-48;-3;-88;-55;-70;-91;-74;-67;-70;-57;-71;-68;-59;-73;-68;-66;-65;-74;-66;-70;-58;-47;-69;-75;-76;-68;-73;-72;-50;-44;-26;-2;-78;-69;-57;-97;-69;-75;-71;-67;-71;-82;-76;-65;-69;-71;-68;-67;-65;-72;-70;-61;-58;-69;-71;-71;-52;-59;-62;-49;-64;-53;-74;-3;-72;-89;-75;-72;-66;-49;-76;-68;-43;-80;-69;-68;-67;-64;-66;-64;-68;-70;-31;-68;-73;-52;-58;-61;-78;-66;-41;-64;-46;-45;-62;-61;-29;-74;-66;-60;-73;-62;-79;-71;-87;-70;-60;-52;-67;-67;-74;-60;-71;-72;-67;-69;-69;-70;-66;-68;-63;-72;-61;-76;-70;-62;-75;-64;-3;-78;-64;-70;-3;-67;-53;-63;-67;-69;-74;-64;-64;-68;-66;-74;-73;-39;-77;-71;-70;-60;-56;-3;-64;-66;-53;-50;-63;-63;-58;-67;-64;-77;-57;-66;-66;-27;-60;-70;-73;-69;-44;-72;-52;-93;-77;-70;-67;-70;-42;-60;-70;-77;-55;-75;-57;-3;-69;-69;-66;-68;-66;-67;-66;-88;-68;-72;-63;-77;-51;-74;-78;-74;-5;-76;-77;-73;-65;-87;-66;-69;-52;-61;-75;-63;-70;-67;-87;-71;-74;-64;-67;-70;-3;-62;-65;-71;-64;-76;-68;-58;-66;-67;-59;-71;-35;-51;-63;-64;-69;-83;-59;-76;-56;-72;-66;-63;-69;-51;-73;-73;-63;-75;-54;-3;-77;-72;-65;-69;-65;-62;-68;-75;-70;-68;-71;-70;-73;-60;-64;-68;-66;-69;-68;-76;-67;-65;-68;-69;-68;-66;-35;-62;-79;-49;-72;-81;-70;-26;-76;-61;-51;-63;-63;-63;-69;-54;-47;-39;-59;-69;-61;-62;-57;-52;-77;-66;-72;-64;-74;-74;-61;-60;-47;-56;-69;-57;-60;-56;-68;-71;-64;-72;-91;-77;-40;-70;-66;-77;-42;-47;-55;-2;-66;-75;-55;-51;-92;-64;-71;-75;-29;-63;-56;-60;-63;-64;-61;-59;-73;-66;-65;-63;-71;-70;-87;-74;-42;-73;-67;-60;-68;-35;-72;-61;-67;-68;-67;-65;-71;-71;-61;-77;-5;-65;-31;-62;-61;-72;-62;-54;-2;-33;-60;-53;-70;-58;-41;-34;-50;-69;-71;-52;-64;-40;-66;-79;-60;-2;-69;-59;-56;-70;-61;-75;-68;-68;-75;-35;-66;-64;-65;-63;-64;-54;-31;-72;-66;-70;-69;-71;-64;-77;-80;-41;-69;-66;-66;-62;-39;-64;-69;-65;-37;-51;-38;-63;-54;-72;-59;-57;-61;-68;-56;-75;-53;-71;-58;-70;-60;-67;-62;-66;-62;-62;-67;-67;-73;-48;-25;-60;-70;-63;-70;-76;-72;-43;-61;-67;-43;-61;-17;-64;-61;-67;-69;-31;-68;-62;-71;-71;-68;-65;-68;-65;-36;-71;-50;-70;-74;-74;-71;-61;-57;-72;-70;-96;-54;-64;-66;-67;-73;-68;-70;-66;-72;-68;-60;-71;-62;-54;-63;-3;-53;-40;-66;-74;-66;-76;-71;-36;-55;-63;-68;-69;-76;-61;-28;-69;-67;-69;-66;-36;-67;-71;-68;-63;-60;-74;-66;-38;-65;-66;-68;-71;-66;-32;-70;-31;-72;-69;-71;-38;-69;-61;-69;-59;-69;-73;-64;-32;-56;-76;-51;-66;-67;-3;-74;-70;-2;-75;-68;-58;-65;-65;-68;-40;-68;-66;-63;-64;-69;-67;-70;-34;-64;-67;-62;-66;-61;-69;-60;-37;-70;-64;-70;-64;-71;-61;-60;-66;-66;-57;-42;-62;-66;-66;-2;-62;-3;-62;-59;-58;-63;-64;-54;-64;-47;-66;-60;-49;-59;-61;-68;-63;-62;-51
-84;-41;-85;-99;-87;-60;-87;-76;-86;-61;-70;-50;-68;-61;-75;-84;-77;-89;-55;-68;-87;-10;-53;-31;-78;-62;-86;-85;-72;-74;-73;-77;-78;-82;-78;-89;-79;-44;-101;-56;-65;-80;-78;-90;-75;-69;-87;-87;-92;-94;-65;-83;-61;-76;-68;-72;-65;-76;-60;-73;-75;-69;-86;-41;-74;-76;-96;-65;-59;-82;-84;-76;-77;-61;-81;-71;-83;-79;-79;-80;-75;-81;-82;-87;-76;-71;-75;-83;-75;-75;-72;-62;-71;-57;-71;-5;-74;-79;-78;-73;-77;-74;-80;-67;-75;-36;-59;-99;-74;-3;-78;-73;-86;-66;-84;-86;-80;-65;-63;-75;-75;-59;-63;-22;-89;-75;-80;-74;-79;-75;-76;-70;-58;-58;-71;-67;-53;-61;-71;-73;-3;-75;-79;-69;-76;-88;-78;-78;-80;-72;-52;-65;-76;-74;-57;-81;-69;-66;-67;-81;-72;-70;-76;-84;-85;-59;-80;-63;-70;-63;-2;-79;-70;-62;-68;-74;-54;-71;-76;-35;-80;-62;-76;-79;-68;-56;-70;-46;-76;-81;-77;-64;-67;-75;-81;-71;-65;-79;-71;-73;-59;-70;-65;-73;-2;-68;-67;-91;-66;-76;-73;-78;-70;-70;-79;-81;-72;-81;-72;-81;-63;-71;-70;-71;-79;-49;-78;-71;-73;-86;-68;-60;-91;-65;-71;-75;-68;-53;-67;-67;-77;-68;-65;-83;-72;-80;-69;-74;-76;-78;-67;-83;-70;-75;-68;-78;-76;-43;-74;-58;-76;-54;-70;-77;-72;-72;-3;-78;-78;-74;-65;-69;-85;-47;-75;-72;-70;-78;-69;-69;-48;-63;-77;-54;-66;-81;-64;-70;-71;-79;-5;-71;-64;-66;-75;-79;-75;-77;-74;-62;-62;-71;-67;-77;-67;-2;-34;-73;-96;-64;-86;-68;-70;-38;-91;-66;-69;-67;-2;-71;-69;-70;-71;-67;-69;-83;-70;-82;-51;-81;-72;-56;-57;-81;-68;-72;-64;-74;-84;-75;-66;-79;-79;-64;-74;-71;-68;-68;-67;-67;-66;-48;-74;-73;-60;-94;-57;-50;-57;-40;-77;-70;-78;-73;-74;-75;-62;-54;-69;-68;-73;-79;-73;-69;-39;-50;-45;-69;-70;-79;-50;-73;-68;-62;-67;-34;-95;-66;-97;-69;-57;-65;-62;-84;-79;-79;-70;-72;-67;-78;-35;-75;-61;-2;-60;-87;-52;-79;-34;-69;-65;-61;-24;-67;-64;-76;-69;-67;-80;-82;-77;-66;-49;-65;-78;-73;-62;-63;-51;-64;-63;-63;-64;-73;-41;-69;-43;-63;-70;-54;-68;-60;-65;-73;-74;-56;-55;-61;-70;-60;-72;-70;-78;-31;-43;-61;-69;-65;-59;-67;-67;-70;-3;-46;-70;-71;-79;-72;-64;-52;-62;-66;-40;-58;-65;-75;-46;-68;-46;-73;-61;-75;-40;-54;-79;-69;-27;-77;-64;-67;-68;-64;-64;-67;-38;-77;-28;-33;-61;-71;-67;-56;-64;-63;-62;-58;-71;-77;-47;-66;-67;-4;-73;-59;-69;-67;-69;-60;-65;-61;-66;-66;-70;-72;-61;-74;-80;-72;-76;-42;-64;-72;-65;-60;-72;-66;-65;-2;-71;-67;-51;-65;-53;-71;-64;-68;-57;-74;-72;-53;-54;-54;-72;-61;-68;-71;-42;-67;-81;-89;-75;-57;-65;-66;-75;-60;-66;-66;-87;-66;-35;-64;-78;-68;-66;-56;-75;-74;-64;-55;-67;-3;-68;-52;-67;-53;-58;-68;-57;-68;-67;-60;-68;-47;-56;-77;-68;-69;-61;-68;-64;-20;-44;-63;-73;-69;-66;-62;-74;-77;-65;-61;-68;-62;-69;-54;-43;-65;-2;-54;-67;-70;-65;-66;-66;-70;-85;-53;-60;-63;-71;-70;-53;-68;-63;-71;-47;-58;-65;-59;-4;-46;-4;-2;-69;-54;-58;-45;-75;-54;-72;-88;-61;-65;-60;-73;-44;-69;-62;-63;-67;-81;-51;-65;-75;-54;-82;-41;-64;-77;-69;-16;-69;-69;-42;-30;-78;-74;-68;-52;-65;-60;-63;-65;-73;-69;-66;-37;-63;-65;-66;-69;-70;-71;-45;-59;-65;-66;-60;-63;-73;-90;-68;-63;-74;-66;-70;-17;-61;-23;-42;-31;-81;-69;-46;-72;-30;-69;-79;-74;-72;-68;-65;-68;-64;-70;-72;-76;-66;-64;-42;-69;-48;-28;-29;-72;-79;-69;-81;-71;-65;-68;-57;-37;-61;-91;-70;-62;-79;-70;-62;-63;-75;-56;-65;-65;-60;-58;-74;-36;-64;-70;-73;-62;-45;-68;-67;-4;-67;-69;-62;-73;-67;-69;-49;-72;-68;-62;-72;-32;-63;-28;-62;-41;-68;-59;-69;-75;-15;-34;-90;-75;-63;-68;-61;-70;-62;-72;-75;-56;-60;-58;-51;-63;-66;-72;-75;-35;-54;-58;-63;-72;-66;-15;-74;-58;-58;-72;-70;-38;-61;-30;-92;-3;-65;-72;-72;-73;-69;-68;-67;-64;-74;-29;-75;-44;-63;-37;-56;-71;-66;-33;-64;-60;-78;-63;-28;-74;-61;-57;-46;-69;-63;-72;-69;-72;-45;-63;-80;-60;-67;-71;-69;-65;-57;-64;-53;-62;-69;-76;-23;-66;-68;-62;-70;-72;-61;-61;-73;-69;-79;-62;-77;-66;-68;-59;-61;-72;-64;-47;-62;-65;-72;-70;-61;-49;-14;-17;-65;-43;-65;-73;-61;-67;-41;-63;-64;-58;-64;-58;-64;-64;-67;-59;-31;-64;-26;-63;-60;-60;-67;-2;-59;-71;-63;-40;-68;-3;-68;-64;-63;-58;-65;-31;-56;-69;-64;-30;-34;-63;-71;-65;-57;-22;-68;-34;-63;-60;-66;-57;-28;-63;-68;-33;-69;-39;-18;-61;-48;-3;-59;-65;-21;-59;-70;-47;-68;-40;-70;-65;-66;-55;-38;-62;-74;-73;-57;-42;-58;-63;-60;-32;-66;-60;-64;-55;-68;-38;-69;-56;-62;-42;-57;-62;-49;-71;-59;-61;-59;-74
-81;-82;-77;-81;-63;-81;-64;-77;-77;-69;-71;-66;-82;-70;-82;-91;-79;-83;-83;-71;-67;-87;-76;-77;-76;-66;-66;-81;-68;-84;-81;-86;-6;-99;-79;-64;-2;-79;-83;-77;-88;-61;-83;-18;-92;-83;-81;-80;-66;-81;-92;-75;-79;-53;-82;-70;-70;-75;-50;-90;-81;-75;-66;-92;-75;-74;-83;-69;-94;-58;-51;-75;-81;-76;-68;-84;-86;-74;-81;-73;-34;-78;-83;-63;-81;-79;-8;-55;-99;-68;-61;-68;-84;-60;-69;-65;-62;-53;-70;-4;-70;-65;-82;-18;-81;-68;-76;-68;-73;-81;-74;-72;-76;-89;-73;-65;-75;-79;-71;-66;-73;-67;-68;-69;-74;-75;-77;-78;-79;-73;-79;-53;-76;-84;-67;-56;-78;-53;-81;-83;-86;-55;-79;-63;-69;-65;-56;-72;-74;-67;-70;-78;-74;-4;-62;-86;-71;-73;-57;-95;-65;-79;-66;-66;-82;-79;-70;-79;-78;-57;-64;-70;-76;-77;-79;-77;-77;-60;-23;-59;-61;-64;-30;-70;-78;-79;-49;-66;-74;-86;-77;-79;-78;-77;-43;-79;-87;-76;-64;-60;-63;-82;-68;-69;-69;-74;-78;-68;-71;-77;-64;-65;-76;-88;-79;-73;-73;-75;-76;-54;-81;-73;-67;-76;-82;-80;-33;-76;-89;-76;-75;-69;-62;-71;-70;-82;-61;-72;-70;-67;-87;-72;-35;-73;-62;-58;-64;-75;-89;-46;-62;-68;-76;-68;-76;-54;-70;-74;-67;-75;-59;-38;-72;-80;-70;-64;-76;-74;-75;-68;-77;-76;-60;-76;-65;-73;-71;-71;-46;-78;-40;-26;-64;-78;-72;-81;-61;-78;-67;-65;-68;-66;-74;-76;-74;-81;-49;-66;-59;-77;-52;-78;-80;-69;-65;-64;-71;-70;-65;-69;-56;-67;-73;-78;-60;-62;-73;-70;-74;-70;-48;-66;-71;-78;-65;-75;-62;-68;-83;-69;-74;-58;-54;-73;-72;-67;-72;-66;-59;-69;-62;-69;-72;-58;-68;-72;-62;-79;-59;-39;-69;-88;-74;-71;-76;-41;-66;-51;-69;-68;-72;-48;-70;-79;-73;-58;-36;-83;-66;-74;-75;-65;-74;-58;-65;-70;-71;-64;-71;-68;-74;-70;-66;-61;-72;-65;-57;-70;-58;-74;-73;-76;-76;-72;-83;-3;-71;-73;-62;-71;-64;-67;-89;-69;-68;-66;-72;-30;-67;-35;-65;-73;-62;-68;-3;-75;-48;-66;-73;-65;-13;-60;-30;-38;-75;-75;-72;-41;-63;-52;-72;-66;-71;-69;-70;-76;-68;-42;-68;-71;-45;-56;-62;-64;-69;-68;-74;-64;-71;-71;-78;-65;-70;-71;-87;-68;-68;-72;-77;-63;-72;-68;-65;-68;-3;-68;-78;-65;-70;-21;-72;-21;-35;-54;-75;-73;-70;-70;-69;-74;-66;-69;-75;-68;-74;-68;-78;-71;-72;-60;-74;-58;-44;-35;-67;-72;-72;-69;-69;-76;-11;-35;-67;-78;-50;-82;-74;-66;-77;-62;-76;-64;-67;-66;-67;-68;-60;-74;-74;-75;-66;-69;-68;-72;-69;-49;-65;-50;-63;-33;-75;-70;-75;-71;-71;-67;-71;-51;-86;-66;-64;-74;-75;-53;-57;-57;-68;-62;-77;-55;-66;-74;-91;-80;-61;-73;-59;-77;-27;-58;-65;-40;-65;-69;-3;-2;-75;-57;-69;-64;-70;-70;-69;-64;-65;-83;-68;-65;-62;-74;-92;-71;-66;-57;-72;-68;-58;-53;-64;-65;-71;-40;-53;-55;-65;-43;-64;-71;-62;-66;-78;-53;-55;-51;-64;-74;-45;-67;-72;-58;-63;-73;-75;-77;-68;-61;-65;-75;-56;-67;-70;-66;-69;-47;-52;-61;-59;-74;-75;-72;-66;-73;-64;-65;-85;-72;-50;-77;-73;-56;-74;-68;-71;-67;-69;-63;-61;-70;-65;-75;-69;-68;-45;-67;-67;-56;-74;-74;-68;-56;-73;-62;-48;-66;-74;-43;-63;-65;-76;-79;-66;-63;-50;-48;-61;-82;-65;-62;-70;-42;-69;-71;-70;-65;-73;-67;-65;-71;-92;-39;-66;-64;-67;-61;-74;-39;-69;-69;-65;-52;-62;-68;-64;-62;-67;-56;-32;-39;-68;-39;-82;-43;-71;-57;-64;-44;-77;-64;-63;-68;-61;-72;-55;-76;-61;-64;-60;-79;-67;-7;-67;-71;-51;-67;-56;-65;-74;-4;-4;-60;-76;-62;-78;-68;-58;-61;-71;-68;-74;-70;-78;-73;-66;-29;-49;-69;-34;-68;-58;-60;-29;-62;-68;-71;-61;-70;-62;-70;-66;-68;-2;-67;-2;-47;-85;-63;-64;-70;-75;-73;-72;-59;-67;-34;-73;-16;-55;-64;-63;-62;-65;-68;-59;-63;-60;-68;-58;-42;-69;-53;-28;-48;-65;-65;-48;-32;-68;-58;-76;-63;-63;-61;-61;-43;-64;-84;-70;-62;-61;-70;-68;-72;-59;-70;-60;-65;-60;-73;-65;-71;-35;-67;-69;-60;-65;-69;-53;-69;-72;-64;-69;-64;-32;-59;-77;-63;-69;-42;-80;-65;-80;-53;-74;-65;-77;-45;-73;-60;-68;-88;-66;-2;-71;-68;-61;-60;-50;-70;-49;-67;-58;-63;-69;-58;-57;-68;-61;-69;-68;-63;-65;-28;-60;-57;-66;-60;-62;-73;-42;-64;-64;-44;-67;-68;-56;-69;-56;-61;-53;-60;-3;-63;-54;-90;-76;-66;-63;-68;-90;-66;-57;-70;-67;-58;-63;-71;-65;-31;-63;-64;-66;-16;-43;-70;-68;-54;-49;-62;-63;-66;-68;-66;-52;-70;-53;-64;-59;-65;-53;-64;-65;-81;-59;-62;-63;-63;-57;-56;-56;-68;-25;-66;-16;-67;-64;-88;-61;-66;-51;-62;-64;-62;-64;-55;-65;-61;-43;-50;-76;-66;-62;-65;-55;-70;-70;-56;-65;-41;-71;-75;-57;-64;-40;-65;-43;-68;-31;-56;-81;-60;-61;-63;-64;-59;-64;-64;-40;-65;-3;-71
